TASK,MODE,WEIGHT,SELECTION,MAX_BANK_REGRESSION,EER_external_mixed_v1,EER_factorial_eval_1200_v2_dev_bank,EER_source_disjoint_mixed_equal_v1,EER_source_disjoint_mixed_v1
FILE,probability,0.0,0.6296704545454546,0.0,0.35833333333333334,0.36763636363636365,0.33666666666666667,0.38
FILE,probability,0.025,0.6307121212121212,0.0,0.35,0.36763636363636365,0.33666666666666667,0.38
FILE,probability,0.05,0.6316666666666666,0.0,0.35,0.36,0.33666666666666667,0.38
FILE,probability,0.075,0.6451212121212121,0.0,0.35,0.3523636363636364,0.33666666666666667,0.36
FILE,probability,0.1,0.6610075757575757,0.0,0.33999999999999997,0.3352727272727273,0.33666666666666667,0.33999999999999997
FILE,probability,0.15,0.6665454545454546,0.0033333333333332993,0.31999999999999995,0.3276363636363636,0.33999999999999997,0.31999999999999995
FILE,probability,0.2,0.6879356060606061,-0.04945454545454542,0.29833333333333334,0.31818181818181823,0.28,0.31999999999999995
FILE,probability,0.25,0.7004924242424242,-0.05709090909090908,0.28,0.31054545454545457,0.26,0.30333333333333334
FILE,probability,0.3,0.7082992424242425,-0.07236363636363641,0.25833333333333336,0.29527272727272724,0.26333333333333336,0.30333333333333334
FILE,probability,0.4,0.7220151515151515,-0.07666666666666666,0.20999999999999996,0.27054545454545453,0.26,0.29666666666666663
FILE,probability,0.5,0.7390454545454544,-0.07666666666666666,0.18000000000000002,0.24763636363636365,0.26,0.28
FILE,logit,0.0,0.6296704545454546,0.0,0.35833333333333334,0.36763636363636365,0.33666666666666667,0.38
FILE,logit,0.025,0.6630871212121212,-0.01666666666666672,0.33166666666666667,0.3447272727272727,0.31999999999999995,0.31999999999999995
FILE,logit,0.05,0.6714204545454545,-0.022909090909090934,0.30166666666666664,0.3447272727272727,0.2833333333333333,0.31999999999999995
FILE,logit,0.075,0.6938636363636363,-0.04581818181818187,0.28,0.3218181818181818,0.26333333333333336,0.29666666666666663
FILE,logit,0.1,0.7062310606060606,-0.05527272727272725,0.26833333333333337,0.3123636363636364,0.24,0.28
FILE,logit,0.15,0.7327272727272729,-0.08000000000000007,0.21999999999999997,0.2876363636363636,0.21999999999999997,0.26
FILE,logit,0.2,0.7489204545454546,-0.10000000000000003,0.18833333333333332,0.26472727272727276,0.23666666666666664,0.26
FILE,logit,0.25,0.7562689393939395,-0.09666666666666668,0.1716666666666667,0.23818181818181816,0.24,0.26
FILE,logit,0.3,0.7734545454545454,-0.1166666666666667,0.16000000000000003,0.23236363636363638,0.21999999999999997,0.24
FILE,logit,0.4,0.7964962121212121,-0.1366666666666667,0.15166666666666667,0.21527272727272728,0.19999999999999998,0.19999999999999998
FILE,logit,0.5,0.8201704545454546,-0.15333333333333335,0.15166666666666667,0.1847272727272727,0.18333333333333332,0.18000000000000002
VOICE,probability,0.0,0.6916071428571429,0.0,0.37,0.3371428571428572,0.10999999999999999,0.17000000000000004
VOICE,probability,0.025,0.6951785714285714,0.0,0.37,0.3085714285714286,0.10999999999999999,0.17000000000000004
VOICE,probability,0.05,0.7030357142857143,0.010000000000000009,0.36,0.2857142857142857,0.12,0.17000000000000004
VOICE,probability,0.075,0.7100892857142858,0.0,0.355,0.27428571428571424,0.10999999999999999,0.16000000000000003
VOICE,probability,0.1,0.7144642857142858,-0.009999999999999995,0.35,0.27428571428571424,0.09999999999999999,0.16000000000000003
VOICE,probability,0.15,0.7207142857142856,-0.009999999999999995,0.33999999999999997,0.27428571428571424,0.09999999999999999,0.16000000000000003
VOICE,probability,0.2,0.7250892857142858,-0.009999999999999995,0.33499999999999996,0.27428571428571424,0.09999999999999999,0.15000000000000002
VOICE,probability,0.25,0.7385714285714287,-0.020000000000000004,0.31999999999999995,0.25142857142857145,0.08999999999999998,0.15000000000000002
VOICE,probability,0.3,0.7474107142857143,0.0,0.30500000000000005,0.2457142857142857,0.10999999999999999,0.14
VOICE,probability,0.4,0.7635714285714286,0.0,0.26,0.27428571428571424,0.10999999999999999,0.15000000000000002
VOICE,probability,0.5,0.7617857142857143,-0.009999999999999995,0.16000000000000003,0.29714285714285715,0.09999999999999999,0.16000000000000003
VOICE,logit,0.0,0.6916071428571429,0.0,0.37,0.3371428571428572,0.10999999999999999,0.17000000000000004
VOICE,logit,0.025,0.7033035714285714,0.010000000000000009,0.355,0.3085714285714286,0.12,0.17000000000000004
VOICE,logit,0.05,0.71875,0.0,0.33999999999999997,0.28,0.09999999999999999,0.17000000000000004
VOICE,logit,0.075,0.7320535714285714,-0.010000000000000009,0.32499999999999996,0.26857142857142857,0.08999999999999998,0.16000000000000003
VOICE,logit,0.1,0.7483928571428571,-0.010000000000000009,0.30000000000000004,0.2628571428571429,0.08999999999999998,0.16000000000000003
VOICE,logit,0.15,0.7638392857142857,-0.010000000000000009,0.275,0.27428571428571424,0.07999999999999999,0.16000000000000003
VOICE,logit,0.2,0.7708928571428572,-0.010000000000000009,0.24,0.26857142857142857,0.08999999999999998,0.16000000000000003
VOICE,logit,0.25,0.7757142857142857,0.009999999999999981,0.20999999999999996,0.2628571428571429,0.08999999999999998,0.18000000000000002
VOICE,logit,0.3,0.7841071428571429,0.0,0.19999999999999998,0.25142857142857145,0.09999999999999999,0.17000000000000004
VOICE,logit,0.4,0.7853571428571429,0.019999999999999934,0.17000000000000004,0.25142857142857145,0.09999999999999999,0.18999999999999997
VOICE,logit,0.5,0.7675,0.029999999999999943,0.16000000000000003,0.28,0.09999999999999999,0.19999999999999998
MUSIC,probability,0.0,0.6407142857142857,0.0,0.33999999999999997,0.3828571428571429,0.28,0.33999999999999997
MUSIC,probability,0.025,0.6461607142857142,0.0,0.33499999999999996,0.3771428571428571,0.28,0.32999999999999996
MUSIC,probability,0.05,0.6654464285714285,-0.010000000000000009,0.31499999999999995,0.3542857142857143,0.27,0.31999999999999995
MUSIC,probability,0.075,0.6740178571428571,-0.010000000000000009,0.29500000000000004,0.34857142857142853,0.27,0.30000000000000004
MUSIC,probability,0.1,0.6765178571428572,-0.010000000000000009,0.28500000000000003,0.34857142857142853,0.27,0.29000000000000004
MUSIC,probability,0.15,0.6899107142857142,-0.020000000000000018,0.265,0.3371428571428572,0.26,0.27
MUSIC,probability,0.2,0.7001785714285714,-0.020000000000000018,0.24,0.32571428571428573,0.26,0.27
MUSIC,probability,0.25,0.7093750000000001,-0.020000000000000018,0.21499999999999997,0.31999999999999995,0.26,0.25
MUSIC,probability,0.3,0.7204464285714286,-0.050000000000000044,0.20499999999999996,0.3142857142857143,0.22999999999999998,0.22999999999999998
MUSIC,probability,0.4,0.7630357142857143,-0.040000000000000036,0.16000000000000003,0.2571428571428571,0.24,0.20999999999999996
MUSIC,probability,0.5,0.7885714285714285,-0.08000000000000004,0.15000000000000002,0.23428571428571432,0.19999999999999998,0.17000000000000004
MUSIC,logit,0.0,0.6407142857142857,0.0,0.33999999999999997,0.3828571428571429,0.28,0.33999999999999997
MUSIC,logit,0.025,0.669375,-0.010000000000000009,0.28500000000000003,0.36,0.27,0.29000000000000004
MUSIC,logit,0.05,0.6835714285714285,-0.020000000000000018,0.22999999999999998,0.3542857142857143,0.26,0.27
MUSIC,logit,0.075,0.7000892857142857,-0.040000000000000036,0.20499999999999996,0.34285714285714286,0.24,0.24
MUSIC,logit,0.1,0.7061607142857143,-0.04571428571428571,0.20499999999999996,0.3371428571428572,0.22999999999999998,0.22999999999999998
MUSIC,logit,0.15,0.728125,-0.06000000000000005,0.16500000000000004,0.31999999999999995,0.21999999999999997,0.18999999999999997
MUSIC,logit,0.2,0.7474107142857143,-0.08000000000000004,0.15500000000000003,0.29714285714285715,0.19999999999999998,0.18000000000000002
MUSIC,logit,0.25,0.76125,-0.08000000000000004,0.15000000000000002,0.28,0.19999999999999998,0.16000000000000003
MUSIC,logit,0.3,0.7721428571428571,-0.09000000000000005,0.14,0.26857142857142857,0.18999999999999997,0.15000000000000002
MUSIC,logit,0.4,0.7883035714285714,-0.1,0.14500000000000002,0.2457142857142857,0.18000000000000002,0.14
MUSIC,logit,0.5,0.7960714285714285,-0.1,0.15000000000000002,0.23428571428571432,0.18000000000000002,0.13
