ID,FILE_FAKE_PROB,VOICE_FAKE_PROB,MUSIC_FAKE_PROB,VOICE_PRESENT_PROB,MUSIC_PRESENT_PROB
factorial_0000,0.9827708842,0.9827708842,0.4976010926,0.7300741673,0.0280220341
factorial_0008,0.0002146927,0.0002146927,0.552160421,0.8970258236,0.0379838757
factorial_0016,0.0014581911,0.0014581911,0.7693800723,0.8063214421,0.0469905473
factorial_0024,0.000707508,0.000707508,0.5588280228,0.863038063,0.0380049311
factorial_0032,0.0012853068,0.9455624092,0.0012853068,0.1714735627,0.8302648067
factorial_0040,0.8129553325,0.8654828525,0.8129553325,0.0399999171,0.8725477457
factorial_0048,0.1469189495,0.5435470876,0.1469189495,0.0242714267,0.8960300088
factorial_0056,0.8996903111,0.8996903111,0.5681526536,0.8442391753,0.0309349708
factorial_0064,0.0042754342,0.0042754342,0.4512632679,0.8508810997,0.058252681
factorial_0072,0.931555771,0.931555771,0.4980627319,0.8588454723,0.0306429248
factorial_0080,0.8128438714,0.9139483189,0.8128438714,0.0358052552,0.4797633886
factorial_0088,0.5037005423,0.6278292845,0.5037005423,0.0238371156,0.9062507153
factorial_0096,0.1681032552,0.9202680497,0.1681032552,0.1749635786,0.8944125772
factorial_0104,0.0072538369,0.9902986349,0.0072538369,0.6846396327,0.826713264
factorial_0112,0.7994682061,0.7994682061,0.0049634723,0.8523448706,0.8139414787
factorial_0120,0.792913205,0.792913205,0.0835366534,0.7151443362,0.7927093506
factorial_0128,0.0255345482,0.9768846809,0.0255345482,0.1570554078,0.9037303925
factorial_0136,0.5147165125,0.9017591035,0.5147165125,0.6793732047,0.8681055307
factorial_0144,0.124554466,0.5086736001,0.124554466,0.6916018724,0.8776119351
factorial_0152,0.0137181781,0.0793266912,0.0137181781,0.2389718294,0.8820513487
factorial_0160,0.8253325222,0.8253325222,0.3165475954,0.7903510928,0.8667266965
factorial_0168,0.4019622348,0.9016442986,0.4019622348,0.4116889238,0.8657702208
factorial_0176,0.9360294851,0.9360294851,0.0368108315,0.7555090189,0.8644681573
factorial_0184,0.228623129,0.9985824481,0.228623129,0.6459411383,0.8644915223
factorial_0192,0.6452608956,0.850968841,0.6452608956,0.4074362218,0.8855059147
factorial_0200,0.7898925381,0.7898925381,0.1554465908,0.7463599443,0.8744706511
factorial_0208,0.7456407932,0.7456407932,0.2485515674,0.829246819,0.9143484235
factorial_0216,0.9169525465,0.9169525465,0.358089753,0.7343245149,0.9256611466
factorial_0224,0.858474307,0.858474307,0.4046630966,0.8282334208,0.8707838058
factorial_0232,0.825868353,0.825868353,0.3561342077,0.7967960238,0.8900157809
factorial_0240,0.7780436093,0.7780436093,0.3829524796,0.8812689781,0.9498167038
factorial_0248,0.8248149546,0.8248149546,0.5554042048,0.7432607412,0.9464300275
factorial_0256,0.0476466372,0.7831378479,0.0476466372,0.6376911998,0.9090493917
factorial_0264,0.6346800442,0.6346800442,0.0609936575,0.7037838697,0.8940554261
factorial_0272,0.8580357671,0.8580357671,0.4108823362,0.8369262218,0.8487676978
factorial_0280,0.8056063535,0.8056063535,0.8103869076,0.8096218705,0.0849511921
factorial_0288,0.3702702418,0.3702702418,0.4676440399,0.6247214675,0.1737253815
factorial_0296,0.9955753307,0.9955753307,0.1361821657,0.8857104778,0.8129466772
factorial_0304,0.0330854328,0.8143484318,0.0330854328,0.685120821,0.8984347582
factorial_0312,0.8146347223,0.8146347223,0.4231510772,0.8259805441,0.8835785985
factorial_0320,0.3254957417,0.0538154395,0.3254957417,0.7464041114,0.9404342771
factorial_0328,0.8965352847,0.131198728,0.8965352847,0.8406865001,0.9137185812
factorial_0336,0.9081904978,0.9081904978,0.51051931,0.7700576782,0.8301374912
factorial_0344,0.5724428202,0.5724428202,0.5512557651,0.8451960683,0.9245878458
factorial_0352,0.8631440145,0.8631440145,0.5286094281,0.8936502337,0.925994873
factorial_0360,0.8462537255,0.4404287319,0.8462537255,0.7677776217,0.8932362795
factorial_0368,0.7732106107,0.7732106107,0.6128440274,0.8442257643,0.8682792187
factorial_0376,0.8915167659,0.8915167659,0.7939702778,0.8516466618,0.5597062111
factorial_0384,0.9359456605,0.9359456605,0.5504426287,0.722025156,0.8980499506
factorial_0392,0.9345331117,0.9345331117,0.401981793,0.8542943001,0.8902879953
factorial_0400,0.0012784031,0.0012784031,0.8533466371,0.8317946196,0.045995295
factorial_0408,0.0022637714,0.0022637714,0.4873261889,0.8504248857,0.059727475
factorial_0416,6.20043e-05,6.20043e-05,0.3775195756,0.9147114158,0.0441396795
factorial_0424,0.2126659773,0.2126659773,0.9651065109,0.8877949119,0.0540837087
factorial_0432,0.0083249752,0.0123874022,0.0083249752,0.1066806912,0.9215633869
factorial_0440,0.0058100757,0.3895607963,0.0058100757,0.0284940675,0.9072649479
factorial_0448,0.5602111397,0.7353605992,0.5602111397,0.110364005,0.901231885
factorial_0456,0.8731836537,0.8731836537,0.4910119519,0.842600584,0.0251973476
factorial_0464,0.9905277379,0.9905277379,0.4390105801,0.7429011464,0.0344379731
factorial_0472,0.9883478903,0.9883478903,0.6090242479,0.7699418664,0.0394368656
factorial_0480,0.5096847579,0.0,0.5096847579,0.036489591,0.0780886859
factorial_0488,0.5028992227,0.9045798539,0.5028992227,0.0444854647,0.8315204978
factorial_0496,0.5095788304,0.9991421167,0.5095788304,0.2371306866,0.8471432924
factorial_0504,0.8929650824,0.8929650824,0.0548239697,0.8066670895,0.7361995578
factorial_0512,0.8555884579,0.8555884579,0.0274228683,0.7734333873,0.8434314132
factorial_0520,0.5901034078,0.5901034078,0.5101143074,0.8473697305,0.8802812099
factorial_0528,0.4381923396,0.4381923396,0.0124970909,0.7543821335,0.8918509483
factorial_0536,0.8617741404,0.8617741404,0.6374756604,0.6760658026,0.5188232064
factorial_0544,0.7881537608,0.7881537608,0.6731688808,0.6076574922,0.3021105528
factorial_0552,0.0005522454,0.0804098066,0.0005522454,0.0872517899,0.887640655
factorial_0560,0.0543492625,0.0018863376,0.0543492625,0.8669078946,0.8952116966
factorial_0568,0.9306937807,0.9306937807,0.5011299942,0.8340216279,0.8230956197
factorial_0576,0.031818535,0.0003394443,0.031818535,0.752045095,0.8811702132
factorial_0584,0.8223897153,0.8223897153,0.1647841679,0.7430681586,0.9287308455
factorial_0592,0.5122379707,0.7803516655,0.5122379707,0.338198185,0.8610812426
factorial_0600,0.410139343,0.410139343,0.3602513561,0.7985028625,0.8904218078
factorial_0608,0.9921948474,0.9921948474,0.3611288573,0.7501034737,0.883055985
factorial_0616,0.6511812327,0.1921561213,0.6511812327,0.6376302838,0.8795750737
factorial_0624,0.7791996905,0.7791996905,0.3628768543,0.7583217025,0.9053631425
factorial_0632,0.9616733626,0.9616733626,0.3868201531,0.7631849051,0.8930764198
factorial_0640,0.8925405716,0.5749737639,0.8925405716,0.8637384772,0.9309697151
factorial_0648,0.4297173927,0.4297173927,0.3506818801,0.815325439,0.7313269377
factorial_0656,0.7886116559,0.7886116559,0.4191254909,0.8136187792,0.1459048986
factorial_0664,0.8430823948,0.980676424,0.8430823948,0.6673804522,0.8904833794
factorial_0672,0.777320852,0.777320852,0.3703688806,0.8108348846,0.7589504719
factorial_0680,0.9649029591,0.9649029591,0.9017888699,0.8161213994,0.9211197495
factorial_0688,0.5064923608,0.7798155949,0.5064923608,0.2574287653,0.8869456649
factorial_0696,0.4866830652,0.7616567053,0.4866830652,0.5251456499,0.9306800961
factorial_0704,0.8068426174,0.2364307426,0.8068426174,0.8346061707,0.8354007602
factorial_0712,0.7468976465,0.6552773432,0.7468976465,0.8385539055,0.9387294054
factorial_0720,0.4546709208,0.4546709208,0.4158369661,0.8556098938,0.936301589
factorial_0728,0.707216897,0.8239187151,0.707216897,0.6592650414,0.8574855328
factorial_0736,0.8016715313,0.4043749157,0.8016715313,0.8209894896,0.9021424055
factorial_0744,0.8522241457,0.8522241457,0.4285789815,0.8511664271,0.783088088
factorial_0752,0.9278022154,0.9278022154,0.6160478181,0.8768365979,0.8464016318
factorial_0760,0.9095371129,0.884723516,0.9095371129,0.7721545696,0.7473063469
factorial_0768,0.8358580435,0.8358580435,0.3929430051,0.8338055015,0.7725896239
factorial_0776,0.9818017915,0.9818017915,0.6712031185,0.8963181973,0.8514885306
factorial_0784,0.9853881622,0.9853881622,0.495839358,0.7458433509,0.892139852
factorial_0792,0.9045557349,0.9045557349,0.450127374,0.8102165461,0.4104325175
factorial_0800,0.0043324967,0.0043324967,0.743829627,0.8259328008,0.0566737726
factorial_0808,0.6124817274,0.6124817274,0.7459829123,0.7916738987,0.0545946471
factorial_0816,0.3036782879,0.3036782879,0.7444068235,0.8346009851,0.0658707544
factorial_0824,0.0043324967,0.0043324967,0.743829627,0.8259328008,0.0566737726
factorial_0832,0.3342457957,0.0608585859,0.3342457957,0.0305219367,0.9181692004
factorial_0840,0.5584253793,0.9438312387,0.5584253793,0.021992011,0.9229297042
factorial_0848,0.0022408971,0.9149706063,0.0022408971,0.1715286076,0.9007582068
factorial_0856,0.9520221353,0.9520221353,0.5713175833,0.8425621986,0.0234223492
factorial_0864,0.999578493,0.999578493,0.4989477919,0.8133178949,0.0531927235
factorial_0872,0.999945562,0.999945562,0.5689693616,0.7500692606,0.0397040769
factorial_0880,0.5005041705,0.4733477937,0.5005041705,0.0258467961,0.879406929
factorial_0888,0.5169845519,0.5699140952,0.5169845519,0.2190332264,0.8830403686
factorial_0896,0.7716573654,0.5475289462,0.7716573654,0.0212311316,0.8231512904
factorial_0904,0.2435563675,0.0076854621,0.2435563675,0.664204061,0.8539132476
factorial_0912,0.5710521303,0.8623137259,0.5710521303,0.5487847924,0.8281179667
factorial_0920,0.8330170445,0.8330170445,0.0505179543,0.8105635643,0.8894057274
factorial_0928,0.4511140879,0.0045116154,0.4511140879,0.7520924807,0.8031737208
factorial_0936,0.7706899063,0.8909471114,0.7706899063,0.1661501229,0.888081193
factorial_0944,0.0750021717,0.0027667543,0.0750021717,0.7635594606,0.8021509051
factorial_0952,0.0518167971,0.6306727928,0.0518167971,0.1365988553,0.9064643979
factorial_0960,0.9975657843,0.9975657843,0.1482937951,0.7598344684,0.9179484844
factorial_0968,0.0615005423,0.9495133687,0.0615005423,0.4556550682,0.8741555214
factorial_0976,0.2407472395,0.8600651218,0.2407472395,0.6789088845,0.713670671
factorial_0984,0.5096870437,0.675907623,0.5096870437,0.5928717256,0.8288253546
factorial_0992,0.8012071934,0.8656464676,0.8012071934,0.1856409758,0.8645448089
factorial_1000,0.729344093,0.729344093,0.5849265691,0.8294337988,0.8958518505
factorial_1008,0.7613608684,0.7613608684,0.2212975762,0.861061275,0.8622145653
factorial_1016,0.833132941,0.833132941,0.261563187,0.7316451073,0.8282397985
factorial_1024,0.0685528709,0.3591582491,0.0685528709,0.5764631033,0.8897761106
factorial_1032,0.5083315322,0.5083315322,0.3776997333,0.8354330063,0.6291248202
factorial_1040,0.2306170564,0.9398147247,0.2306170564,0.6022390127,0.8519058824
factorial_1048,0.8982529374,0.8982529374,0.440106081,0.7369713783,0.7436568141
factorial_1056,0.4756811288,0.9102212084,0.4756811288,0.5753083229,0.9537802339
factorial_1064,0.2848431796,0.6390403972,0.2848431796,0.4773317873,0.8011298776
factorial_1072,0.8952885418,0.8952885418,0.3700939833,0.8096278906,0.8486384749
factorial_1080,0.5272490334,0.0893906135,0.5272490334,0.784740746,0.8742542863
factorial_1088,0.3527322626,0.9767405898,0.3527322626,0.4197087586,0.7972368002
factorial_1096,0.8434439065,0.8434439065,0.6464620605,0.766859889,0.892326951
factorial_1104,0.6586381191,0.579770276,0.6586381191,0.8925212026,0.8808734417
factorial_1112,0.5888762339,0.5888762339,0.3608495272,0.7349275351,0.8663535714
factorial_1120,0.8052163508,0.8052163508,0.4042922521,0.8684518933,0.8970997334
factorial_1128,0.876889412,0.876889412,0.4491855833,0.7881135345,0.8207623959
factorial_1136,0.505603624,0.505603624,0.4422004953,0.8701980114,0.874642849
factorial_1144,0.8954132029,0.8954132029,0.5234181476,0.8322780728,0.9030559063
factorial_1152,0.8997910483,0.8997910483,0.4474595056,0.8089449406,0.9204820395
factorial_1160,0.8646724142,0.8646724142,0.5006397263,0.7777158618,0.8965502977
factorial_1168,0.9051505297,0.9051505297,0.5578967004,0.8020414114,0.8337353468
factorial_1176,0.8627194723,0.8627194723,0.6790165832,0.8346102238,0.8843759298
factorial_1184,0.8211232128,0.8211232128,0.6552748135,0.7983013988,0.8891120553
factorial_1192,0.9509059029,0.9509059029,0.4908462812,0.7201805115,0.8501625061
