GROUP,VALUE,WEIGHT,N,FILE_N,VOICE_N,MUSIC_N,FILE_EER,VOICE_EER,MUSIC_EER,VOICE_AUC,MUSIC_AUC,ADS,CPS,SCORE
ALL,ALL,0.0,1200,1200,1050,1050,0.36824242424242426,0.2895238095238095,0.38857142857142857,0.9936190476190476,0.9945968253968254,0.6414025974025974,0.9941079365079365,0.6766731313131313
ALL,ALL,0.05,1200,1200,1050,1050,0.36254545454545456,0.2895238095238095,0.37523809523809526,0.9936190476190476,0.9945968253968254,0.6482510822510823,0.9941079365079365,0.6828367676767677
ALL,ALL,0.1,1200,1200,1050,1050,0.3492121212121212,0.2895238095238095,0.3695238095238095,0.9936190476190476,0.9945968253968254,0.6566320346320347,0.9941079365079365,0.6903796248196249
ALL,ALL,0.15,1200,1200,1050,1050,0.3358787878787879,0.2895238095238095,0.3542857142857143,0.9936190476190476,0.9945968253968254,0.6678701298701298,0.9941079365079365,0.7004939105339105
ALL,ALL,0.2,1200,1200,1050,1050,0.3098181818181818,0.2895238095238095,0.35809523809523813,0.9936190476190476,0.9945968253968254,0.6797575757575758,0.9941079365079365,0.7111926118326118
ALL,ALL,0.25,1200,1200,1050,1050,0.30157575757575755,0.2895238095238095,0.34857142857142853,0.9936190476190476,0.9945968253968254,0.6867359307359308,0.9941079365079365,0.7174731313131313
ALL,ALL,0.3,1200,1200,1050,1050,0.29333333333333333,0.2895238095238095,0.33904761904761904,0.9936190476190476,0.9945968253968254,0.6937142857142857,0.9941079365079365,0.7237536507936508
CHANNEL,clean_flac,0.0,199,199,174,175,0.3733071988595866,0.25287356321839083,0.32571204598902537,0.9993103448275862,0.9878571428571429,0.665058074129821,0.9935837438423645,0.6979106411010754
CHANNEL,clean_flac,0.05,199,199,174,175,0.3424210026134473,0.25287356321839083,0.31428011497256336,0.9993103448275862,0.9878571428571429,0.6839307515578292,0.9935837438423645,0.7148960507862828
CHANNEL,clean_flac,0.1,199,199,174,175,0.3269779044903778,0.25287356321839083,0.31428011497256336,0.9993103448275862,0.9878571428571429,0.691652300619364,0.9935837438423645,0.721845444941664
CHANNEL,clean_flac,0.15,199,199,174,175,0.3115348063673082,0.25287356321839083,0.33714397700548737,0.9993103448275862,0.9878571428571429,0.6925146910710216,0.9935837438423645,0.7226215963481559
CHANNEL,clean_flac,0.2,199,199,174,175,0.2960917082442385,0.25287356321839083,0.30284818395610136,0.9993103448275862,0.9878571428571429,0.7105249780473722,0.9935837438423645,0.7388308546268715
CHANNEL,clean_flac,0.25,199,199,174,175,0.2652055119980993,0.25287356321839083,0.30284818395610136,0.9993103448275862,0.9878571428571429,0.7259680761704418,0.9935837438423645,0.7527296429376341
CHANNEL,clean_flac,0.3,199,199,174,175,0.26158232359230227,0.25287356321839083,0.26855239090671545,0.9993103448275862,0.9878571428571429,0.7380684082881561,0.9935837438423645,0.763619941843577
CHANNEL,mp3_64k,0.0,200,200,175,175,0.33454987834549876,0.2628657262277952,0.4000130616509927,0.9885714285714285,0.9984,0.6601479970863937,0.9934857142857143,0.6934817688063258
CHANNEL,mp3_64k,0.05,200,200,175,175,0.31566446529950176,0.2628657262277952,0.4000130616509927,0.9885714285714285,0.9984,0.6695907036093922,0.9934857142857143,0.7019802046770245
CHANNEL,mp3_64k,0.1,200,200,175,175,0.30042868729000116,0.2628657262277952,0.4000130616509927,0.9885714285714285,0.9984,0.6772085926141426,0.9934857142857143,0.7088363047812998
CHANNEL,mp3_64k,0.15,200,200,175,175,0.26995713127099985,0.2628657262277952,0.4000130616509927,0.9885714285714285,0.9984,0.6924443706236432,0.9934857142857143,0.7225485049898503
CHANNEL,mp3_64k,0.2,200,200,175,175,0.27360676630749625,0.2628657262277952,0.38858411703239293,0.9885714285714285,0.9984,0.694048236490975,0.9934857142857143,0.723991984270449
CHANNEL,mp3_64k,0.25,200,200,175,175,0.25472135326149925,0.2628657262277952,0.3657262277951933,0.9885714285714285,0.9984,0.7103483097851333,0.9934857142857143,0.7386620502351915
CHANNEL,mp3_64k,0.3,200,200,175,175,0.23948557525199862,0.2628657262277952,0.3657262277951933,0.9885714285714285,0.9984,0.7179661987898835,0.9934857142857143,0.7455181503394667
CHANNEL,noisy_flac,0.0,200,200,175,175,0.35133239831697055,0.2628657262277952,0.35429728317659354,0.9958857142857144,0.9986285714285714,0.6654714706429776,0.9972571428571428,0.6986500378643942
CHANNEL,noisy_flac,0.05,200,200,175,175,0.3396446937821411,0.2628657262277952,0.3428683385579937,0.9958857142857144,0.9986285714285714,0.6747440062959723,0.9972571428571428,0.7069953199520894
CHANNEL,noisy_flac,0.1,200,200,175,175,0.3360215053763441,0.2628657262277952,0.3428683385579937,0.9958857142857144,0.9986285714285714,0.6765556004988709,0.9972571428571428,0.7086257547346981
CHANNEL,noisy_flac,0.15,200,200,175,175,0.2937120149602618,0.2628657262277952,0.3428683385579937,0.9958857142857144,0.9986285714285714,0.697710345706912,0.9972571428571428,0.7276650254219351
CHANNEL,noisy_flac,0.2,200,200,175,175,0.27477793361383823,0.2628657262277952,0.3428683385579937,0.9958857142857144,0.9986285714285714,0.7071773863801237,0.9972571428571428,0.7361853620278257
CHANNEL,noisy_flac,0.25,200,200,175,175,0.2594670406732118,0.2628657262277952,0.3314393939393939,0.9958857142857144,0.9986285714285714,0.7182615162360169,0.9972571428571428,0.7461610788981295
CHANNEL,noisy_flac,0.3,200,200,175,175,0.22522206638616177,0.2628657262277952,0.32001044932079414,0.9958857142857144,0.9986285714285714,0.7388126867651219,0.9972571428571428,0.7646571323743241
CHANNEL,ogg_48k,0.0,201,201,176,175,0.3923927919708029,0.28409090909090906,0.4285994251371832,0.99,0.9997802197802197,0.6184055946552618,0.9948901098901098,0.6560540461787466
CHANNEL,ogg_48k,0.05,201,201,176,175,0.37363138686131386,0.28409090909090906,0.4171674941207212,0.99,0.9997802197802197,0.6312158765149449,0.9948901098901098,0.6675832998524615
CHANNEL,ogg_48k,0.1,201,201,176,175,0.37363138686131386,0.28409090909090906,0.3943036320877973,0.99,0.9997802197802197,0.638075035124822,0.9948901098901098,0.6737565426013508
CHANNEL,ogg_48k,0.15,201,201,176,175,0.3621692518248175,0.28409090909090906,0.3714397700548733,0.99,0.9997802197802197,0.6506652612529474,0.9948901098901098,0.6850877461166637
CHANNEL,ogg_48k,0.2,201,201,176,175,0.3434078467153285,0.28409090909090906,0.36000783903841127,0.99,0.9997802197802197,0.6634755431126306,0.9948901098901098,0.6966169997903785
CHANNEL,ogg_48k,0.25,201,201,176,175,0.3282960766423358,0.28409090909090906,0.36000783903841127,0.99,0.9997802197802197,0.671031428149127,0.9948901098901098,0.7034172963232252
CHANNEL,ogg_48k,0.3,201,201,176,175,0.31318430656934304,0.28409090909090906,0.34857590802194927,0.99,0.9997802197802197,0.6820168924905619,0.9948901098901098,0.7133042142305167
CHANNEL,stereo_wav,0.0,199,199,175,174,0.3663632119514473,0.3314393939393939,0.373546511627907,0.9928571428571429,0.9965517241379311,0.6384665617480255,0.994704433497537,0.6740903489229767
CHANNEL,stereo_wav,0.05,199,199,175,174,0.362686741363212,0.3314393939393939,0.3505549682875264,0.9928571428571429,0.9965517241379311,0.6472022600442573,0.994704433497537,0.6819524773895853
CHANNEL,stereo_wav,0.1,199,199,175,174,0.3473972922502334,0.3314393939393939,0.3390591966173362,0.9928571428571429,0.9965517241379311,0.6582957161018037,0.994704433497537,0.6919365878413771
CHANNEL,stereo_wav,0.15,199,199,175,174,0.3357843137254902,0.3314393939393939,0.3390591966173362,0.9928571428571429,0.9965517241379311,0.6641022053641752,0.994704433497537,0.6971624281775114
CHANNEL,stereo_wav,0.2,199,199,175,174,0.3473972922502334,0.3314393939393939,0.3390591966173362,0.9928571428571429,0.9965517241379311,0.6582957161018037,0.994704433497537,0.6919365878413771
CHANNEL,stereo_wav,0.25,199,199,175,174,0.3473972922502334,0.3314393939393939,0.3505549682875264,0.9928571428571429,0.9965517241379311,0.6548469846007465,0.994704433497537,0.6888327294904256
CHANNEL,stereo_wav,0.3,199,199,175,174,0.3473972922502334,0.3314393939393939,0.3620507399577167,0.9928571428571429,0.9965517241379311,0.6513982530996896,0.994704433497537,0.6857288711394743
CHANNEL,telephone_flac,0.0,201,201,175,176,0.38779299141332096,0.274294670846395,0.42612682422833525,0.9912087912087911,0.9820454545454544,0.6234065228555601,0.9866271228771228,0.6597285828577164
CHANNEL,telephone_flac,0.05,201,201,175,176,0.38779299141332096,0.274294670846395,0.42612682422833525,0.9912087912087911,0.9820454545454544,0.6234065228555601,0.9866271228771228,0.6597285828577164
CHANNEL,telephone_flac,0.1,201,201,175,176,0.38779299141332096,0.274294670846395,0.42612682422833525,0.9912087912087911,0.9820454545454544,0.6234065228555601,0.9866271228771228,0.6597285828577164
CHANNEL,telephone_flac,0.15,201,201,175,176,0.37253423067997216,0.274294670846395,0.40339661629859225,0.9912087912087911,0.9820454545454544,0.6378549656011573,0.9866271228771228,0.6727321813287539
CHANNEL,telephone_flac,0.2,201,201,175,176,0.3689371083778139,0.274294670846395,0.40339661629859225,0.9912087912087911,0.9820454545454544,0.6396535267522364,0.9866271228771228,0.6743508863647251
CHANNEL,telephone_flac,0.25,201,201,175,176,0.3689371083778139,0.274294670846395,0.3806664083688493,0.9912087912087911,0.9820454545454544,0.6464725891311593,0.9866271228771228,0.6804880425057557
CHANNEL,telephone_flac,0.3,201,201,175,176,0.3536783476444651,0.274294670846395,0.3693013044039778,0.9912087912087911,0.9820454545454544,0.6575115006872951,0.9866271228771228,0.690423062906278
MIX_MODE,concurrent,0.0,300,300,300,300,0.43999999999999995,0.3933333333333333,0.3466666666666667,,,0.5973333333333334,,
MIX_MODE,concurrent,0.05,300,300,300,300,0.4377777777777778,0.3933333333333333,0.33333333333333337,,,0.6024444444444444,,
MIX_MODE,concurrent,0.1,300,300,300,300,0.42666666666666664,0.3933333333333333,0.33333333333333337,,,0.608,,
MIX_MODE,concurrent,0.15,300,300,300,300,0.42666666666666664,0.3933333333333333,0.33333333333333337,,,0.608,,
MIX_MODE,concurrent,0.2,300,300,300,300,0.41555555555555557,0.3933333333333333,0.3466666666666667,,,0.6095555555555555,,
MIX_MODE,concurrent,0.25,300,300,300,300,0.3866666666666667,0.3933333333333333,0.33999999999999997,,,0.626,,
MIX_MODE,concurrent,0.3,300,300,300,300,0.4,0.3933333333333333,0.32666666666666666,,,0.6233333333333333,,
MIX_MODE,music_only,0.0,150,150,0,150,0.31999999999999995,,0.31999999999999995,,,,,
MIX_MODE,music_only,0.05,150,150,0,150,0.31999999999999995,,0.31999999999999995,,,,,
MIX_MODE,music_only,0.1,150,150,0,150,0.31999999999999995,,0.31999999999999995,,,,,
MIX_MODE,music_only,0.15,150,150,0,150,0.31999999999999995,,0.30666666666666664,,,,,
MIX_MODE,music_only,0.2,150,150,0,150,0.31999999999999995,,0.29333333333333333,,,,,
MIX_MODE,music_only,0.25,150,150,0,150,0.31999999999999995,,0.30666666666666664,,,,,
MIX_MODE,music_only,0.3,150,150,0,150,0.31999999999999995,,0.30666666666666664,,,,,
MIX_MODE,partial_overlap,0.0,300,300,300,300,0.43999999999999995,0.32666666666666666,0.4,,,0.5946666666666667,,
MIX_MODE,partial_overlap,0.05,300,300,300,300,0.4,0.32666666666666666,0.38,,,0.6206666666666667,,
MIX_MODE,partial_overlap,0.1,300,300,300,300,0.37555555555555553,0.32666666666666666,0.3666666666666667,,,0.6368888888888888,,
MIX_MODE,partial_overlap,0.15,300,300,300,300,0.3466666666666667,0.32666666666666666,0.3733333333333333,,,0.6493333333333333,,
MIX_MODE,partial_overlap,0.2,300,300,300,300,0.3355555555555555,0.32666666666666666,0.3533333333333334,,,0.6608888888888889,,
MIX_MODE,partial_overlap,0.25,300,300,300,300,0.33111111111111113,0.32666666666666666,0.3533333333333334,,,0.6631111111111111,,
MIX_MODE,partial_overlap,0.3,300,300,300,300,0.30666666666666664,0.32666666666666666,0.3466666666666667,,,0.6773333333333333,,
MIX_MODE,sequential,0.0,300,300,300,300,0.3466666666666667,0.24,0.42666666666666664,,,0.6506666666666667,,
MIX_MODE,sequential,0.05,300,300,300,300,0.33333333333333337,0.24,0.42666666666666664,,,0.6573333333333333,,
MIX_MODE,sequential,0.1,300,300,300,300,0.30666666666666664,0.24,0.4,,,0.6786666666666668,,
MIX_MODE,sequential,0.15,300,300,300,300,0.29333333333333333,0.24,0.38,,,0.6913333333333334,,
MIX_MODE,sequential,0.2,300,300,300,300,0.28222222222222226,0.24,0.3533333333333334,,,0.7048888888888889,,
MIX_MODE,sequential,0.25,300,300,300,300,0.29333333333333333,0.24,0.3466666666666667,,,0.7013333333333334,,
MIX_MODE,sequential,0.3,300,300,300,300,0.30666666666666664,0.24,0.33999999999999997,,,0.6966666666666668,,
MIX_MODE,voice_only,0.0,150,150,150,0,0.09333333333333335,0.09333333333333335,,,,,,
MIX_MODE,voice_only,0.05,150,150,150,0,0.09333333333333335,0.09333333333333335,,,,,,
MIX_MODE,voice_only,0.1,150,150,150,0,0.09333333333333335,0.09333333333333335,,,,,,
MIX_MODE,voice_only,0.15,150,150,150,0,0.09333333333333335,0.09333333333333335,,,,,,
MIX_MODE,voice_only,0.2,150,150,150,0,0.07999999999999999,0.09333333333333335,,,,,,
MIX_MODE,voice_only,0.25,150,150,150,0,0.07999999999999999,0.09333333333333335,,,,,,
MIX_MODE,voice_only,0.3,150,150,150,0,0.07999999999999999,0.09333333333333335,,,,,,
COMPONENT_CASE,music_fake,0.0,75,75,0,75,,,,,,,,
COMPONENT_CASE,music_fake,0.05,75,75,0,75,,,,,,,,
COMPONENT_CASE,music_fake,0.1,75,75,0,75,,,,,,,,
COMPONENT_CASE,music_fake,0.15,75,75,0,75,,,,,,,,
COMPONENT_CASE,music_fake,0.2,75,75,0,75,,,,,,,,
COMPONENT_CASE,music_fake,0.25,75,75,0,75,,,,,,,,
COMPONENT_CASE,music_fake,0.3,75,75,0,75,,,,,,,,
COMPONENT_CASE,music_real,0.0,75,75,0,75,,,,,,,,
COMPONENT_CASE,music_real,0.05,75,75,0,75,,,,,,,,
COMPONENT_CASE,music_real,0.1,75,75,0,75,,,,,,,,
COMPONENT_CASE,music_real,0.15,75,75,0,75,,,,,,,,
COMPONENT_CASE,music_real,0.2,75,75,0,75,,,,,,,,
COMPONENT_CASE,music_real,0.25,75,75,0,75,,,,,,,,
COMPONENT_CASE,music_real,0.3,75,75,0,75,,,,,,,,
COMPONENT_CASE,voice_fake,0.0,75,75,75,0,,,,,,,,
COMPONENT_CASE,voice_fake,0.05,75,75,75,0,,,,,,,,
COMPONENT_CASE,voice_fake,0.1,75,75,75,0,,,,,,,,
COMPONENT_CASE,voice_fake,0.15,75,75,75,0,,,,,,,,
COMPONENT_CASE,voice_fake,0.2,75,75,75,0,,,,,,,,
COMPONENT_CASE,voice_fake,0.25,75,75,75,0,,,,,,,,
COMPONENT_CASE,voice_fake,0.3,75,75,75,0,,,,,,,,
COMPONENT_CASE,voice_fake__music_fake,0.0,225,225,225,225,,,,,,,,
COMPONENT_CASE,voice_fake__music_fake,0.05,225,225,225,225,,,,,,,,
COMPONENT_CASE,voice_fake__music_fake,0.1,225,225,225,225,,,,,,,,
COMPONENT_CASE,voice_fake__music_fake,0.15,225,225,225,225,,,,,,,,
COMPONENT_CASE,voice_fake__music_fake,0.2,225,225,225,225,,,,,,,,
COMPONENT_CASE,voice_fake__music_fake,0.25,225,225,225,225,,,,,,,,
COMPONENT_CASE,voice_fake__music_fake,0.3,225,225,225,225,,,,,,,,
COMPONENT_CASE,voice_fake__music_real,0.0,225,225,225,225,,,,,,,,
COMPONENT_CASE,voice_fake__music_real,0.05,225,225,225,225,,,,,,,,
COMPONENT_CASE,voice_fake__music_real,0.1,225,225,225,225,,,,,,,,
COMPONENT_CASE,voice_fake__music_real,0.15,225,225,225,225,,,,,,,,
COMPONENT_CASE,voice_fake__music_real,0.2,225,225,225,225,,,,,,,,
COMPONENT_CASE,voice_fake__music_real,0.25,225,225,225,225,,,,,,,,
COMPONENT_CASE,voice_fake__music_real,0.3,225,225,225,225,,,,,,,,
COMPONENT_CASE,voice_real,0.0,75,75,75,0,,,,,,,,
COMPONENT_CASE,voice_real,0.05,75,75,75,0,,,,,,,,
COMPONENT_CASE,voice_real,0.1,75,75,75,0,,,,,,,,
COMPONENT_CASE,voice_real,0.15,75,75,75,0,,,,,,,,
COMPONENT_CASE,voice_real,0.2,75,75,75,0,,,,,,,,
COMPONENT_CASE,voice_real,0.25,75,75,75,0,,,,,,,,
COMPONENT_CASE,voice_real,0.3,75,75,75,0,,,,,,,,
COMPONENT_CASE,voice_real__music_fake,0.0,225,225,225,225,,,,,,,,
COMPONENT_CASE,voice_real__music_fake,0.05,225,225,225,225,,,,,,,,
COMPONENT_CASE,voice_real__music_fake,0.1,225,225,225,225,,,,,,,,
COMPONENT_CASE,voice_real__music_fake,0.15,225,225,225,225,,,,,,,,
COMPONENT_CASE,voice_real__music_fake,0.2,225,225,225,225,,,,,,,,
COMPONENT_CASE,voice_real__music_fake,0.25,225,225,225,225,,,,,,,,
COMPONENT_CASE,voice_real__music_fake,0.3,225,225,225,225,,,,,,,,
COMPONENT_CASE,voice_real__music_real,0.0,225,225,225,225,,,,,,,,
COMPONENT_CASE,voice_real__music_real,0.05,225,225,225,225,,,,,,,,
COMPONENT_CASE,voice_real__music_real,0.1,225,225,225,225,,,,,,,,
COMPONENT_CASE,voice_real__music_real,0.15,225,225,225,225,,,,,,,,
COMPONENT_CASE,voice_real__music_real,0.2,225,225,225,225,,,,,,,,
COMPONENT_CASE,voice_real__music_real,0.25,225,225,225,225,,,,,,,,
COMPONENT_CASE,voice_real__music_real,0.3,225,225,225,225,,,,,,,,
