ID,EAT_VOICE_PRESENT_PROB,EAT_MUSIC_PRESENT_PROB
factorial_0001,0.9004597067832947,0.025960668921470642
factorial_0009,0.7015707492828369,0.028516238555312157
factorial_0017,0.6436886787414551,0.02660500444471836
factorial_0025,0.017992381006479263,0.8364687561988831
factorial_0033,0.011827708221971989,0.8724043965339661
factorial_0041,0.028146935626864433,0.8660596609115601
factorial_0049,0.03753804787993431,0.8822265863418579
factorial_0057,0.8101709485054016,0.03699125722050667
factorial_0065,0.7722718119621277,0.024163654074072838
factorial_0073,0.9162517189979553,0.040598321706056595
factorial_0081,0.015578024089336395,0.8432081937789917
factorial_0089,0.03650210052728653,0.9057307243347168
factorial_0097,0.005824685096740723,0.8765316605567932
factorial_0105,0.7010360956192017,0.9421192407608032
factorial_0113,0.3325314223766327,0.9020983576774597
factorial_0121,0.558152437210083,0.9527932405471802
factorial_0129,0.932991623878479,0.9063094258308411
factorial_0137,0.8182845711708069,0.9259980320930481
factorial_0145,0.5048646926879883,0.9417980909347534
factorial_0153,0.6729010939598083,0.6951500177383423
factorial_0161,0.7165676355361938,0.8976852297782898
factorial_0169,0.7926077842712402,0.7614098787307739
factorial_0177,0.7639697194099426,0.5704621076583862
factorial_0185,0.9049010872840881,0.0856812596321106
factorial_0193,0.8732015490531921,0.9226734042167664
factorial_0201,0.9350250363349915,0.8334950804710388
factorial_0209,0.8404984474182129,0.9236968159675598
factorial_0217,0.8065627217292786,0.8367722034454346
factorial_0225,0.5639376044273376,0.5528784394264221
factorial_0233,0.8302633166313171,0.1833241879940033
factorial_0241,0.813353955745697,0.8439888954162598
factorial_0249,0.8980642557144165,0.7711081504821777
factorial_0257,0.9015626907348633,0.8904047012329102
factorial_0265,0.7754938006401062,0.88713139295578
factorial_0273,0.7967907190322876,0.9528319835662842
factorial_0281,0.6659582853317261,0.8989023566246033
factorial_0289,0.7928755879402161,0.8976254463195801
factorial_0297,0.9218196868896484,0.9135051369667053
factorial_0305,0.8411123156547546,0.8300415873527527
factorial_0313,0.9064504504203796,0.9137071967124939
factorial_0321,0.8059512376785278,0.8784812688827515
factorial_0329,0.7435247302055359,0.7239298224449158
factorial_0337,0.8808223009109497,0.9098309874534607
factorial_0345,0.8842353224754333,0.9603090882301331
factorial_0353,0.7886004447937012,0.9156618714332581
factorial_0361,0.843487560749054,0.9301109313964844
factorial_0369,0.7611449360847473,0.7981011867523193
factorial_0377,0.8873429298400879,0.8990620970726013
factorial_0385,0.8315504193305969,0.9132290482521057
factorial_0393,0.7571964859962463,0.6665202379226685
factorial_0401,0.9066194295883179,0.025862127542495728
factorial_0409,0.8283370137214661,0.014368465170264244
factorial_0417,0.8994271159172058,0.047013506293296814
factorial_0425,0.02125490829348564,0.8823337554931641
factorial_0433,0.02739335596561432,0.9023725986480713
factorial_0441,0.022927094250917435,0.41821059584617615
factorial_0449,0.040997639298439026,0.6939817667007446
factorial_0457,0.6834414601325989,0.026506826281547546
factorial_0465,0.7441408634185791,0.018737275153398514
factorial_0473,0.7704354524612427,0.02701609395444393
factorial_0481,0.007961313240230083,0.8526787757873535
factorial_0489,0.0709853321313858,0.7012003660202026
factorial_0497,0.015783466398715973,0.8914351463317871
factorial_0505,0.7880138754844666,0.9126891493797302
factorial_0513,0.45710036158561707,0.9331532120704651
factorial_0521,0.7319677472114563,0.9172913432121277
factorial_0529,0.823013186454773,0.8819898366928101
factorial_0537,0.8939995765686035,0.9088677763938904
factorial_0545,0.7461066246032715,0.7594248056411743
factorial_0553,0.7719810605049133,0.9053977727890015
factorial_0561,0.24619589745998383,0.9165641069412231
factorial_0569,0.8916488885879517,0.9255655407905579
factorial_0577,0.6927794814109802,0.8287962079048157
factorial_0585,0.6454419493675232,0.8993869423866272
factorial_0593,0.7754438519477844,0.8964818120002747
factorial_0601,0.8977580070495605,0.8959800601005554
factorial_0609,0.7374416589736938,0.8056482076644897
factorial_0617,0.8344594240188599,0.8828892707824707
factorial_0625,0.8842121362686157,0.917317271232605
factorial_0633,0.7981700897216797,0.8638066649436951
factorial_0641,0.5108528137207031,0.8937764763832092
factorial_0649,0.7283362150192261,0.9274005889892578
factorial_0657,0.5966692566871643,0.687846302986145
factorial_0665,0.8347352743148804,0.9549336433410645
factorial_0673,0.8055171966552734,0.8769921660423279
factorial_0681,0.5043914318084717,0.7576205134391785
factorial_0689,0.7645000219345093,0.9136661291122437
factorial_0697,0.7906594276428223,0.8052192330360413
factorial_0705,0.7444106936454773,0.8361547589302063
factorial_0713,0.8478926420211792,0.8681839108467102
factorial_0721,0.8754438757896423,0.8363413214683533
factorial_0729,0.5920944213867188,0.8599514365196228
factorial_0737,0.7488648891448975,0.8732942938804626
factorial_0745,0.6358696222305298,0.8617686629295349
factorial_0753,0.9040610790252686,0.9302653074264526
factorial_0761,0.7892531752586365,0.888113796710968
factorial_0769,0.9058572053909302,0.9468162059783936
factorial_0777,0.7610243558883667,0.9008297920227051
factorial_0785,0.5678282380104065,0.8307151198387146
factorial_0793,0.7419793605804443,0.941148042678833
factorial_0801,0.8355340957641602,0.039706338196992874
factorial_0809,0.9307085275650024,0.028454259037971497
factorial_0817,0.7847967147827148,0.013335670344531536
factorial_0825,0.019804365932941437,0.9148923754692078
factorial_0833,0.014372612349689007,0.9282188415527344
factorial_0841,0.009773113764822483,0.8625662922859192
factorial_0849,0.26176920533180237,0.9226608276367188
factorial_0857,0.8651800751686096,0.03904677927494049
factorial_0865,0.7166695594787598,0.060912881046533585
factorial_0873,0.8542577028274536,0.18007543683052063
factorial_0881,0.04168045148253441,0.7156316041946411
factorial_0889,0.02695346064865589,0.9218524098396301
factorial_0897,0.008068873547017574,0.6642689108848572
factorial_0905,0.7054781913757324,0.8570138812065125
factorial_0913,0.8912668228149414,0.8394696712493896
factorial_0921,0.7818211317062378,0.9260887503623962
factorial_0929,0.7339636087417603,0.77015221118927
factorial_0937,0.38241568207740784,0.9042577147483826
factorial_0945,0.8643175363540649,0.8953929543495178
factorial_0953,0.7673218250274658,0.7816841006278992
factorial_0961,0.8941423892974854,0.9035336375236511
factorial_0969,0.8843256831169128,0.9429916739463806
factorial_0977,0.8283153772354126,0.4363763928413391
factorial_0985,0.8621088862419128,0.5999189019203186
factorial_0993,0.36158299446105957,0.8962304592132568
factorial_1001,0.721340537071228,0.8979081511497498
factorial_1009,0.8549872040748596,0.8464280366897583
factorial_1017,0.8892720341682434,0.9220988750457764
factorial_1025,0.7915571928024292,0.7892549633979797
factorial_1033,0.8483387231826782,0.8437213897705078
factorial_1041,0.8711866140365601,0.6698281168937683
factorial_1049,0.9014773368835449,0.9006665945053101
factorial_1057,0.8926876187324524,0.9221370816230774
factorial_1065,0.6982154846191406,0.8348396420478821
factorial_1073,0.8606005907058716,0.9208148121833801
factorial_1081,0.8783479928970337,0.9105575680732727
factorial_1089,0.8050153255462646,0.93049556016922
factorial_1097,0.6602461934089661,0.8062016367912292
factorial_1105,0.7724420428276062,0.9199658036231995
factorial_1113,0.8332803845405579,0.9166195392608643
factorial_1121,0.9481066465377808,0.8976513743400574
factorial_1129,0.9174513220787048,0.9218778610229492
factorial_1137,0.8694640398025513,0.4958847165107727
factorial_1145,0.84033203125,0.9011521339416504
factorial_1153,0.747550368309021,0.880000114440918
factorial_1161,0.7263234853744507,0.8253248929977417
factorial_1169,0.77949059009552,0.8295736312866211
factorial_1177,0.6642055511474609,0.8042420148849487
factorial_1185,0.8963512182235718,0.796730637550354
factorial_1193,0.7742151618003845,0.8728024363517761
