ID,FILE_FAKE_PROB,VOICE_FAKE_PROB,MUSIC_FAKE_PROB,VOICE_PRESENT_PROB,MUSIC_PRESENT_PROB
sdxeq_0000__phonefact_resample8k,0.002386007,0.0234299804,0.002386007,0.5323446393,0.9110135436
sdxeq_0002__phonefact_resample8k,0.2374006298,0.0004045372,0.2374006298,0.8903000355,0.8782942891
sdxeq_0004__phonefact_resample8k,0.0019690608,0.0051476104,0.0019690608,0.397341162,0.867120862
sdxeq_0006__phonefact_resample8k,0.003133907,0.0039292763,0.003133907,0.523178339,0.8801502585
sdxeq_0008__phonefact_resample8k,0.0041588681,0.0012183466,0.0041588681,0.8399495482,0.9113600254
sdxeq_0010__phonefact_resample8k,0.4191887343,0.00303028,0.4191887343,0.7912428379,0.8280761838
sdxeq_0012__phonefact_resample8k,0.0431940757,0.758095102,0.0431940757,0.3323013484,0.8770979643
sdxeq_0014__phonefact_resample8k,0.058483135,0.001630596,0.058483135,0.8412558436,0.8535499573
sdxeq_0016__phonefact_resample8k,0.0077529468,0.0014129561,0.0077529468,0.8112382889,0.8381698132
sdxeq_0018__phonefact_resample8k,0.0146736058,0.0146736058,0.0131518004,0.7766591907,0.8472560644
sdxeq_0020__phonefact_resample8k,0.0089527608,0.0089527608,0.4932195427,0.8358603716,0.0666542426
sdxeq_0022__phonefact_resample8k,0.0027117592,0.0061143575,0.0027117592,0.5469163656,0.8821048141
sdxeq_0024__phonefact_resample8k,0.0002348365,0.0002348365,0.4685181109,0.486046344,0.2887724936
sdxeq_0026__phonefact_resample8k,0.5448434903,0.0013121786,0.5448434903,0.6859316826,0.7974737287
sdxeq_0028__phonefact_resample8k,0.2547668218,0.002348251,0.2547668218,0.5166686773,0.8880270123
sdxeq_0030__phonefact_resample8k,0.0020502231,0.0003211883,0.0020502231,0.7935582399,0.8535225391
sdxeq_0032__phonefact_resample8k,0.0143136205,0.071637424,0.0143136205,0.2064793557,0.843583703
sdxeq_0034__phonefact_resample8k,0.0478475037,0.0049061834,0.0478475037,0.3346278369,0.8926160336
sdxeq_0036__phonefact_resample8k,0.1259408354,0.0035285013,0.1259408354,0.62647295,0.8712093234
sdxeq_0038__phonefact_resample8k,0.0276019316,0.0148631153,0.0276019316,0.4072036147,0.8803786635
sdxeq_0040__phonefact_resample8k,0.1265673045,0.025634766,0.1265673045,0.2942118049,0.8905950189
sdxeq_0042__phonefact_resample8k,0.0248483095,0.0008624971,0.0248483095,0.8040314317,0.8955700994
sdxeq_0044__phonefact_resample8k,0.396836029,0.0016582136,0.396836029,0.5296891928,0.8475676179
sdxeq_0046__phonefact_resample8k,0.0046172701,0.7737670461,0.0046172701,0.1802486181,0.8607901335
sdxeq_0048__phonefact_resample8k,0.0008299119,0.0008299119,0.3659151311,0.7433342934,0.5173998475
sdxeq_0050__phonefact_resample8k,0.3776349321,0.0992886778,0.3776349321,0.1027429476,0.6913252473
sdxeq_0052__phonefact_resample8k,0.9994142222,0.9994142222,0.497762892,0.8546503186,0.1821713299
sdxeq_0054__phonefact_resample8k,0.8212178275,0.8212178275,0.4987971934,0.8890053034,0.1563237309
sdxeq_0056__phonefact_resample8k,0.0004230401,0.0004230401,0.4992948984,0.8496540189,0.2474903762
sdxeq_0058__phonefact_resample8k,0.9996652939,0.9996652939,0.0246197364,0.7913306355,0.7660083771
sdxeq_0060__phonefact_resample8k,0.9994491551,0.9994491551,0.2934156943,0.8023465872,0.3144591153
sdxeq_0062__phonefact_resample8k,0.002768195,0.9996639084,0.002768195,0.1126236171,0.7874198556
sdxeq_0064__phonefact_resample8k,0.0168427077,0.9999220374,0.0168427077,0.5501301289,0.753703177
sdxeq_0066__phonefact_resample8k,0.2508221117,0.9992991298,0.2508221117,0.6542557478,0.8184378147
sdxeq_0068__phonefact_resample8k,0.0051993751,0.9996314184,0.0051993751,0.2380073518,0.8840010762
sdxeq_0070__phonefact_resample8k,0.0049447827,0.9999679328,0.0049447827,0.6940392852,0.8577972054
sdxeq_0072__phonefact_resample8k,0.9788739925,0.9788739925,0.3294241424,0.8782738447,0.235060975
sdxeq_0074__phonefact_resample8k,0.0017410019,0.9997478742,0.0017410019,0.2837406993,0.8398611546
sdxeq_0076__phonefact_resample8k,0.6018067145,0.6018067145,0.4738295545,0.7934716344,0.6216698885
sdxeq_0078__phonefact_resample8k,0.1655942232,0.9255908646,0.1655942232,0.5974549651,0.8821260929
sdxeq_0080__phonefact_resample8k,0.003349505,0.9964003984,0.003349505,0.4278641939,0.8854249716
sdxeq_0082__phonefact_resample8k,0.0205710394,0.8922986775,0.0205710394,0.5254088044,0.8588495851
sdxeq_0084__phonefact_resample8k,0.1267976998,0.9774699892,0.1267976998,0.5550227761,0.8973915577
sdxeq_0086__phonefact_resample8k,0.9021433316,0.9021433316,0.4425933355,0.8432575464,0.8197801113
sdxeq_0088__phonefact_resample8k,0.2214797286,0.9950253787,0.2214797286,0.372820884,0.8916544914
sdxeq_0090__phonefact_resample8k,0.0993301266,0.863005062,0.0993301266,0.4346426725,0.8773331046
sdxeq_0092__phonefact_resample8k,0.9986394561,0.9986394561,0.0015794519,0.7785348296,0.834934175
sdxeq_0094__phonefact_resample8k,0.0040813987,0.9978647304,0.0040813987,0.1406563073,0.8678151965
sdxeq_0096__phonefact_resample8k,0.0948933845,0.8735751366,0.0948933845,0.2123031616,0.8874996901
sdxeq_0098__phonefact_resample8k,0.8712881175,0.8712881175,0.0742848438,0.8410314918,0.8226779699
sdm_real_0000__phonefact_resample8k,0.4196867755,0.5907984399,0.4196867755,0.0304902028,0.8863989711
sdm_real_0002__phonefact_resample8k,0.0018616256,0.7716023845,0.0018616256,0.2434655726,0.8081650138
sdm_real_0004__phonefact_resample8k,0.0174374486,0.750745237,0.0174374486,0.0313355364,0.9232200384
sdm_real_0006__phonefact_resample8k,0.1267310616,0.6614929741,0.1267310616,0.2297953814,0.895709157
sdm_real_0008__phonefact_resample8k,0.0167906083,0.9118530161,0.0167906083,0.156714052,0.9186165333
sdm_real_0010__phonefact_resample8k,0.3571489085,0.778091258,0.3571489085,0.0424657166,0.9134913087
sdm_real_0012__phonefact_resample8k,0.2092636724,0.7966919925,0.2092636724,0.1749355048,0.8776646256
sdm_real_0014__phonefact_resample8k,0.0242790254,0.6622943805,0.0242790254,0.3150288761,0.9309237599
sdm_real_0016__phonefact_resample8k,0.0007207285,0.8614836307,0.0007207285,0.0271594208,0.8421413898
sdm_real_0018__phonefact_resample8k,0.004936306,0.7943666708,0.004936306,0.188182801,0.817563355
sdm_real_0020__phonefact_resample8k,0.0230420171,0.5123571555,0.0230420171,0.0260333773,0.927418828
sdm_real_0022__phonefact_resample8k,0.0009204621,0.8047698927,0.0009204621,0.1329776645,0.9254792929
sdm_real_0024__phonefact_resample8k,0.0208460693,0.3447169689,0.0208460693,0.0276975036,0.880510509
sdm_real_0026__phonefact_resample8k,0.000612206,0.4333964334,0.000612206,0.0567511432,0.8810081482
sdm_real_0028__phonefact_resample8k,0.2842082747,0.721125182,0.2842082747,0.0280173682,0.5228388309
sdm_real_0030__phonefact_resample8k,0.310661384,0.887260454,0.310661384,0.1591984481,0.862958312
sdm_real_0032__phonefact_resample8k,0.2520509933,0.0082351918,0.2520509933,0.5277568102,0.9016865492
sdm_real_0034__phonefact_resample8k,0.2571371903,0.8707685013,0.2571371903,0.2413493991,0.9266343713
sdm_real_0036__phonefact_resample8k,0.0017736569,0.553601487,0.0017736569,0.0466672443,0.9013487101
sdm_real_0038__phonefact_resample8k,0.0026803529,0.5118749342,0.0026803529,0.3016681969,0.9320455194
sdm_real_0040__phonefact_resample8k,0.0025519091,0.7338595087,0.0025519091,0.046115648,0.9361422658
sdm_real_0042__phonefact_resample8k,0.5107868281,0.7572344741,0.5107868281,0.0391810648,0.9009942412
sdm_real_0044__phonefact_resample8k,0.6378979452,0.6378979452,0.4049343372,0.0463753939,0.0343470313
sdm_real_0046__phonefact_resample8k,0.0584454394,0.5865227843,0.0584454394,0.0404070877,0.8676531911
sdm_real_0048__phonefact_resample8k,0.5004694581,0.643721731,0.5004694581,0.0458746031,0.8364781141
sdm_fake_0000__phonefact_resample8k,0.0269197818,0.9983257389,0.0269197818,0.5957705975,0.8665795326
sdm_fake_0002__phonefact_resample8k,0.2715313165,0.2170480936,0.2715313165,0.2034371048,0.8702711463
sdm_fake_0004__phonefact_resample8k,0.4703504242,0.9854652623,0.4703504242,0.0509619266,0.8722982407
sdm_fake_0006__phonefact_resample8k,0.2531746359,0.8575190884,0.2531746359,0.2550145984,0.8560465574
sdm_fake_0008__phonefact_resample8k,0.4682029837,0.886429132,0.4682029837,0.228798002,0.8741832376
sdm_fake_0010__phonefact_resample8k,0.0831419488,0.9173983137,0.0831419488,0.1811214536,0.8546832204
sdm_fake_0012__phonefact_resample8k,0.0243527131,0.9785231897,0.0243527131,0.1647191495,0.8679074049
sdm_fake_0014__phonefact_resample8k,0.0080952765,0.9926747089,0.0080952765,0.5574371219,0.8998100758
sdm_fake_0016__phonefact_resample8k,0.0087051589,0.8548516835,0.0087051589,0.374322176,0.871709764
sdm_fake_0018__phonefact_resample8k,0.2598374471,0.7593558073,0.2598374471,0.1397556514,0.8906730413
sdm_fake_0020__phonefact_resample8k,0.0388284465,0.8738444315,0.0388284465,0.1709883362,0.9154839516
sdm_fake_0022__phonefact_resample8k,0.0639376067,0.9906080995,0.0639376067,0.0871343389,0.8766801953
sdm_fake_0024__phonefact_resample8k,0.0558271944,0.8955966628,0.0558271944,0.3559775352,0.8655923009
sdm_fake_0026__phonefact_resample8k,0.233221641,0.994977939,0.233221641,0.084305346,0.9099167585
sdm_fake_0028__phonefact_resample8k,0.2451635882,0.823897289,0.2451635882,0.0809297264,0.8317555189
sdm_fake_0030__phonefact_resample8k,0.2560571622,0.9988364967,0.2560571622,0.2362950891,0.8334550261
sdm_fake_0032__phonefact_resample8k,0.5030783585,0.0429439566,0.5030783585,0.0226710699,0.804595232
sdm_fake_0034__phonefact_resample8k,0.4569443584,0.7861302596,0.4569443584,0.1355664432,0.8505789042
sdm_fake_0036__phonefact_resample8k,0.000820264,0.7817915247,0.000820264,0.1299378574,0.9180289507
sdm_fake_0038__phonefact_resample8k,0.4933303836,0.8444276825,0.4933303836,0.1704007834,0.8974736333
sdm_fake_0040__phonefact_resample8k,0.9936518766,0.9936518766,0.0213163129,0.7775192261,0.8874320984
sdm_fake_0042__phonefact_resample8k,0.489653343,0.9800408278,0.489653343,0.0636486039,0.8134521246
sdm_fake_0044__phonefact_resample8k,0.1389798827,0.9981857421,0.1389798827,0.3572822809,0.9155629277
sdm_fake_0046__phonefact_resample8k,0.6287402736,0.4707102212,0.6287402736,0.3381383121,0.8599922657
sdm_fake_0048__phonefact_resample8k,0.3944014361,0.8501832915,0.3944014361,0.0525288992,0.8415369987
voice_0000__phonefact_resample8k,0.0043713517,0.0043713517,0.4641269199,0.7672965527,0.0191606451
voice_0002__phonefact_resample8k,0.0247689378,0.0247689378,0.4855582635,0.8395100832,0.0251474716
voice_0004__phonefact_resample8k,0.0015911323,0.0015911323,0.4894439831,0.7656800747,0.0213341136
voice_0006__phonefact_resample8k,0.005386751,0.005386751,0.2834669355,0.7518495321,0.0235569365
voice_0008__phonefact_resample8k,0.002900838,0.002900838,0.4994930767,0.7990124226,0.056613408
voice_0010__phonefact_resample8k,0.0023879788,0.0023879788,0.3676803951,0.828476727,0.0352572501
voice_0012__phonefact_resample8k,0.0071438811,0.0071438811,0.4480989986,0.8625995517,0.0267933067
voice_0014__phonefact_resample8k,0.0003651103,0.0003651103,0.4783474728,0.855677247,0.0426707938
voice_0016__phonefact_resample8k,0.005839164,0.005839164,0.4351448968,0.7732557654,0.0204537623
voice_0018__phonefact_resample8k,0.0005338299,0.0005338299,0.4989913499,0.8182314038,0.0447795466
voice_0020__phonefact_resample8k,0.0022780795,0.0022780795,0.4680943938,0.8375959396,0.0252222233
voice_0022__phonefact_resample8k,0.0004869165,0.0004869165,0.3529088956,0.7652326822,0.0251340363
voice_0024__phonefact_resample8k,0.0002283665,0.0002283665,0.2825955514,0.7658697367,0.0294306893
voice_0026__phonefact_resample8k,0.0005484335,0.0005484335,0.4994701567,0.8499813676,0.0395796858
voice_0028__phonefact_resample8k,0.0009186112,0.0009186112,0.4875367705,0.8130840063,0.0284352433
voice_0030__phonefact_resample8k,0.0007887796,0.0007887796,0.4859365555,0.7632481456,0.0315128528
voice_0032__phonefact_resample8k,0.0005823572,0.0005823572,0.4945752197,0.839332521,0.0391479507
voice_0034__phonefact_resample8k,0.0012261704,0.0012261704,0.4748095303,0.8292095661,0.020413721
voice_0036__phonefact_resample8k,0.0019275521,0.0019275521,0.4967305633,0.8155796528,0.0451173447
voice_0038__phonefact_resample8k,0.0007713198,0.0007713198,0.492213997,0.8633636832,0.043763116
voice_0040__phonefact_resample8k,0.0026699424,0.0026699424,0.4688763562,0.8282602429,0.0316782072
voice_0042__phonefact_resample8k,0.0004974543,0.0004974543,0.4986667625,0.8313714862,0.0385881588
voice_0044__phonefact_resample8k,0.0081630527,0.0081630527,0.4950357936,0.7136893868,0.0230489969
voice_0046__phonefact_resample8k,0.0020866947,0.0020866947,0.486934568,0.8465709686,0.042199228
voice_0048__phonefact_resample8k,0.0037517511,0.0037517511,0.4971275268,0.8499683738,0.0438653305
voice_0100__phonefact_resample8k,0.9998662479,0.9998662479,0.4996140439,0.8009884357,0.0349442177
voice_0102__phonefact_resample8k,0.9994485382,0.9994485382,0.4992822237,0.6794211864,0.0421686992
voice_0104__phonefact_resample8k,0.9999388457,0.9999388457,0.4910517437,0.8706972599,0.0465892479
voice_0106__phonefact_resample8k,0.9986690881,0.9986690881,0.4993799467,0.8038617969,0.0447999835
voice_0108__phonefact_resample8k,0.9997450489,0.9997450489,0.4960089089,0.8048658967,0.0398540981
voice_0110__phonefact_resample8k,0.999909342,0.999909342,0.4992328495,0.8373197317,0.0405885801
voice_0112__phonefact_resample8k,0.9998342112,0.9998342112,0.4998150941,0.8140718341,0.0378725864
voice_0114__phonefact_resample8k,0.9999303228,0.9999303228,0.4810445342,0.7761415839,0.0863661841
voice_0116__phonefact_resample8k,0.9999716282,0.9999716282,0.4988546747,0.748891592,0.0333089866
voice_0118__phonefact_resample8k,0.999941171,0.999941171,0.4951018987,0.7535342574,0.0438558012
voice_0120__phonefact_resample8k,0.9999485616,0.9999485616,0.4999273522,0.806594491,0.0412519723
voice_0122__phonefact_resample8k,0.9994326247,0.9994326247,0.4968264037,0.6819437742,0.0261872746
voice_0124__phonefact_resample8k,0.9999203683,0.9999203683,0.6221304832,0.8101183176,0.0366690531
voice_0126__phonefact_resample8k,0.9999471308,0.9999471308,0.4933642173,0.7359086275,0.0373268202
voice_0128__phonefact_resample8k,0.9997880489,0.9997880489,0.4552840395,0.7339199781,0.0247938614
voice_0130__phonefact_resample8k,0.9996057749,0.9996057749,0.4982952504,0.7914127111,0.040969789
voice_0132__phonefact_resample8k,0.999693667,0.999693667,0.4996083552,0.7602953911,0.028751092
voice_0134__phonefact_resample8k,0.9989890243,0.9989890243,0.498372946,0.854141295,0.0213976037
voice_0136__phonefact_resample8k,0.9998432994,0.9998432994,0.4964406078,0.8100776076,0.0365739875
voice_0138__phonefact_resample8k,0.9998795393,0.9998795393,0.4127503881,0.7375540137,0.0291792843
voice_0140__phonefact_resample8k,0.9996654465,0.9996654465,0.4957919223,0.844068706,0.0284984503
voice_0142__phonefact_resample8k,0.9999375353,0.9999375353,0.4966113514,0.8234775662,0.0461899154
voice_0144__phonefact_resample8k,0.9999459389,0.9999459389,0.4635144404,0.8172818422,0.0465203933
voice_0146__phonefact_resample8k,0.9999608399,0.9999608399,0.4834296286,0.8337563872,0.0421364494
voice_0148__phonefact_resample8k,0.9998949171,0.9998949171,0.4980837586,0.827123642,0.0384956375
