SPLIT,EVAL_CELL,N,FILE_FAKE_PROB_Q10,FILE_FAKE_PROB_MEDIAN,FILE_FAKE_PROB_Q90,VOICE_FAKE_PROB_Q10,VOICE_FAKE_PROB_MEDIAN,VOICE_FAKE_PROB_Q90,MUSIC_FAKE_PROB_Q10,MUSIC_FAKE_PROB_MEDIAN,MUSIC_FAKE_PROB_Q90,VOICE_PRESENT_PROB_Q10,VOICE_PRESENT_PROB_MEDIAN,VOICE_PRESENT_PROB_Q90,MUSIC_PRESENT_PROB_Q10,MUSIC_PRESENT_PROB_MEDIAN,MUSIC_PRESENT_PROB_Q90
all,concurrent__voice_fake__music_fake,75,0.25124373012,0.5094572256,0.7596382037400001,0.2345456093,0.4574090019,0.72683517172,0.22619937566,0.4562971427,0.64122641114,0.16006487606,0.6686828136,0.8436951518,0.16407736540000004,0.8644915223,0.9280337811
all,concurrent__voice_fake__music_real,75,0.19934253298000001,0.367725329,0.6131881808400002,0.20668070618,0.367725329,0.6124763891200002,0.1177336867,0.2832386093,0.4818483229,0.18183977906,0.5778861642,0.8429289937200002,0.8044298409999999,0.8841969371,0.9203940511
all,concurrent__voice_real__music_fake,75,0.14767274030000002,0.4516718938,0.6306815938400004,0.03283290908,0.2858229064,0.54947135668,0.21661180774,0.4453680242,0.5999417234600001,0.18762982488000002,0.6793732047,0.87357140782,0.5475404620000001,0.8681055307,0.90987035032
all,concurrent__voice_real__music_real,75,0.13977407596,0.3350851285,0.5356681849000002,0.03225564800000002,0.2941860141,0.49565622876,0.12971594246,0.2925169235,0.5216497905400002,0.28088360430000003,0.6566768289,0.8329241037200001,0.75413548942,0.8747214675,0.92408472304
all,music_only__music_fake,75,0.30070933982,0.5596744601,0.8347726842200002,0.16881559932,0.4143075753,0.72260653204,0.30070933982,0.5596744601,0.8347726842200002,0.02217565404,0.0435836948,0.17597324252000002,0.8239178300000001,0.8938526511,0.93979008196
all,music_only__music_real,75,0.12665131326,0.3787148188,0.5797791297600001,0.09163771612,0.2516296696,0.48088872786000003,0.11123254374,0.3545056752,0.5797791297600001,0.02389038428,0.0396832824,0.13990992906000005,0.80891046524,0.8879173398,0.9278763890399999
all,partial_overlap__voice_fake__music_fake,75,0.36260636384,0.6504644695,0.9022314373800001,0.3058251759,0.649496747,0.9198085677400003,0.33075753028,0.5440511469,0.82946088636,0.51719715596,0.7699337006,0.85584810972,0.78298356534,0.8694559336,0.91850528718
all,partial_overlap__voice_fake__music_real,75,0.3039729654,0.6362031179,0.9392727708,0.33968858256,0.6863333404,0.9392727708,0.18276140658,0.4024554196,0.6689913169000001,0.60537666082,0.7914019227,0.8466408968,0.7608789921,0.8796523213,0.93069617748
all,partial_overlap__voice_real__music_fake,75,0.3190767653,0.4540348171,0.6919448572400001,0.15574082708,0.3233979326,0.5481843102800001,0.29155729628000004,0.4354493993,0.6919448572400001,0.61124577522,0.7539131045,0.8723986983,0.73533852102,0.8697054982,0.9294637084
all,partial_overlap__voice_real__music_real,75,0.22933041246,0.3902391209,0.6034622256400002,0.16318311968,0.2554832746,0.5112537019200001,0.16232537038,0.3076581068,0.5167035779400001,0.59325215818,0.7985028625,0.8820572853,0.80987455842,0.883055985,0.92611597774
all,sequential__voice_fake__music_fake,75,0.52169998746,0.8499598451,0.9750705886,0.44816772408,0.8240563016,0.97657001212,0.4206583907,0.6592692413,0.8856782883400001,0.7370563507,0.8152037263,0.87404285668,0.71060068606,0.881418407,0.9293083668
all,sequential__voice_fake__music_real,75,0.46470194294,0.7609156135,0.96314126786,0.40828157334000004,0.7538664283,0.96314126786,0.26205091366,0.4782541016,0.7584463823,0.74451011416,0.8101089001,0.877117157,0.7641518950599999,0.8682792187,0.9244545817200001
all,sequential__voice_real__music_fake,75,0.3555075645,0.5371699482,0.7997024416000004,0.14300660878,0.343830326,0.6564662199800001,0.33625668848,0.5525053378,0.7541357858400003,0.75655303,0.8223956227,0.87687752246,0.60803163054,0.8723682761,0.91904712916
all,sequential__voice_real__music_real,75,0.26799993578,0.4012376747,0.5679130234800001,0.12512829208,0.2608946414,0.4424215273800002,0.2206000434,0.3810123737,0.56256405738,0.69952327012,0.8270197511,0.88329401016,0.83290373086,0.8876648545,0.93049081568
all,voice_only__voice_fake,75,0.5423265773600001,0.971793692,0.9997887694400001,0.5423265773600001,0.971793692,0.9997887694400001,0.54711254526,0.757899824,0.87045936024,0.7439325451600001,0.8121485114,0.8842428088400001,0.0270493966,0.0397040769,0.059288936860000016
all,voice_only__voice_real,75,0.0011505805400000002,0.072392434,0.5805910441800006,0.0011505805400000002,0.072392434,0.5805910441800006,0.34557269088,0.5597936621,0.6622931776600001,0.7486213326200001,0.8315433264,0.88761552574,0.0312989842,0.0460459627,0.08177553412000003
dev,concurrent__voice_fake__music_fake,25,0.28126912348000005,0.5011443914,0.7559637205,0.25151321232,0.4951995663,0.73934150554,0.2964049108,0.4760388801,0.64730222602,0.348551172,0.7651946545,0.8822465539000001,0.07651995126000001,0.8644681573,0.9320269584800001
dev,concurrent__voice_fake__music_real,25,0.2484091616,0.4062313825,0.66026633186,0.23595107366,0.4196694383,0.6583521704599999,0.11410766212000001,0.3118960255,0.49802717480000014,0.23309693932,0.5383004546,0.8157640696,0.80812380312,0.8905546665,0.91973283294
dev,concurrent__voice_real__music_fake,25,0.2564938416,0.4930320525,0.66328948888,0.16954723330000002,0.3769567728,0.5806794119,0.23988186086000002,0.4418994876,0.5909043217000001,0.16393600108,0.6793732047,0.8832923889000001,0.6609464169,0.8567203283,0.90987035032
dev,concurrent__voice_real__music_real,25,0.15163283122000004,0.3099195597,0.47793215854,0.17207687436,0.3134618542,0.4738824373,0.08901132182000002,0.2925169235,0.4595184970000001,0.30336372254,0.5454799533,0.82260677812,0.78951534036,0.8667495251,0.91716743708
dev,music_only__music_fake,25,0.32225950994,0.5347336271,0.80939448362,0.20518159524000001,0.3390621108,0.6339095876,0.32225950994,0.5340555149,0.80939448362,0.01967661864,0.0278360657,0.14125044344,0.84572262766,0.8983509541,0.94656333924
dev,music_only__music_real,25,0.14871084504,0.3787148188,0.5598424602800002,0.10659851142000001,0.2251810821,0.43460008470000006,0.14871084504,0.3549876077,0.5598424602800002,0.02430557942,0.0312968418,0.10105949940000003,0.82802823782,0.8865557313,0.92314584254
dev,partial_overlap__voice_fake__music_fake,25,0.41457024434,0.6251684058,0.76077196152,0.33916677816,0.5665549772,0.76077196152,0.38497511086,0.6231693194,0.79251643602,0.56291439534,0.783916831,0.85941795108,0.12046086786000004,0.8396474719,0.91988841294
dev,partial_overlap__voice_fake__music_real,25,0.25319100528000005,0.7081927814,0.9604371660000001,0.35251717524000004,0.7081927814,0.9604371660000001,0.19603034726,0.4839630823,0.65233319396,0.66287645104,0.8194659948,0.8639101386,0.83048028946,0.8884930015,0.93069617748
dev,partial_overlap__voice_real__music_fake,25,0.3248573498,0.4354493993,0.69194485724,0.16460415328000003,0.3750347006,0.54880457212,0.3188259959,0.4354493993,0.7127105805,0.5674933791400001,0.7699764967,0.8693412065400001,0.66533737186,0.8697054982,0.93819675448
dev,partial_overlap__voice_real__music_real,25,0.27211914304,0.4073848975,0.62833356062,0.16602502952,0.3016954148,0.5914906239400002,0.16978625174,0.3076581068,0.5118287445799999,0.7401249170399999,0.8104653955,0.85665372608,0.8168076396,0.8834874034,0.9330792665400001
dev,sequential__voice_fake__music_fake,25,0.50858237256,0.8499598451,0.98187820086,0.44816772408,0.7782993689,0.98187820086,0.50858237256,0.6832663445,0.9063962267000001,0.70759948494,0.8139626384,0.85323524478,0.61988010406,0.8990648985,0.93662089108
dev,sequential__voice_fake__music_real,25,0.37533914209999997,0.7145420154,0.95646723584,0.35107526564,0.7145420154,0.95646723584,0.26442569766,0.4782541016,0.68090432984,0.75443305968,0.8101089001,0.86196920872,0.7348592042800001,0.86213094,0.9172406435
dev,sequential__voice_real__music_fake,25,0.3532932182,0.5149792347,0.7541357858400001,0.14440450946,0.247035451,0.48730616354,0.42669320668000005,0.5670585808,0.81660276012,0.7615705371,0.8223956227,0.8849873543000001,0.4020921409000001,0.8768853545,0.93358705044
dev,sequential__voice_real__music_real,25,0.22213031986000004,0.3589153995,0.58620619486,0.09064414896000003,0.2255913773,0.5110438309200002,0.22213031986000004,0.3589153995,0.55994820588,0.6795620679600001,0.8117448688,0.89544707538,0.85444830658,0.8855686784,0.93067722318
dev,voice_only__voice_fake,25,0.44415152316,0.9090375973,0.99423420124,0.44415152316,0.9090375973,0.99423420124,0.5546748647,0.6856564131,0.8465511090800001,0.77205827232,0.8240024447,0.87485061884,0.02539184428,0.0361264087,0.05565202308000001
dev,voice_only__voice_real,25,0.0050715243200000005,0.0929725964,0.53506895098,0.0050715243200000005,0.0929725964,0.53506895098,0.365425184,0.5545242907,0.67827550938,0.7733136057400001,0.8207572699,0.8882832765600001,0.02972859514,0.0380049311,0.06214385186
holdout,concurrent__voice_fake__music_fake,25,0.28322511578000004,0.5099425784,0.71873458038,0.22018817926,0.4285069314,0.6541858475800001,0.249988828,0.4393035318,0.5746007636999999,0.11524048890000002,0.6105589867,0.8051890731,0.70615124702,0.8705130816,0.9175346613400001
holdout,concurrent__voice_fake__music_real,25,0.14742495082,0.3202074891,0.57827009652,0.11304970560000002,0.3241698199,0.5870085862000001,0.11927445918000001,0.2637466142,0.44047470614,0.17548624576000005,0.5744946003,0.7777349114800001,0.8115761399,0.8808624148,0.91986595394
holdout,concurrent__voice_real__music_fake,25,0.18069401802,0.4453680242,0.5949854922200001,0.04455106132000001,0.3141661662,0.49687952812,0.20393818456,0.3918847077,0.5949854922200001,0.27459305526000005,0.6767566204,0.8378080487199999,0.5475404620000001,0.8727535009,0.92381705046
holdout,concurrent__voice_real__music_real,25,0.15887959606000002,0.3416400934,0.47109210202,0.01385402812,0.2471794837,0.48430729792,0.15426752406,0.2524923826,0.46092762762,0.35653352144,0.7195736766,0.83924564126,0.7538479566399999,0.8713593483,0.92408472304
holdout,music_only__music_fake,25,0.28754346634,0.6228949313,0.8625113547600001,0.29687409434000006,0.482955464,0.704590548,0.28754346634,0.6228949313,0.8625113547600001,0.030904254699999998,0.0525495857,0.16871832010000004,0.7696993708400001,0.9012128115,0.93990952966
holdout,music_only__music_real,25,0.10245025504000001,0.3253528013,0.5582418785,0.061102031720000005,0.232054681,0.47509479810000005,0.10245025504000001,0.3253528013,0.5582418785,0.02356092334,0.0417702608,0.13883359132000003,0.6087991714200001,0.8405728936,0.90644373894
holdout,partial_overlap__voice_fake__music_fake,25,0.42308216986,0.7112397964,0.8772865772399999,0.36778346482000007,0.6926765411,0.86275908592,0.33639201898,0.5168173458,0.8772865772399999,0.52565033434,0.7364904284,0.84407161474,0.78298356534,0.8856488466,0.92685595746
holdout,partial_overlap__voice_fake__music_real,25,0.37159417318000004,0.628317297,0.82283103594,0.43134921904000006,0.6776493173,0.89538628738,0.18276140658,0.3388223361,0.6966155812,0.63098305468,0.7880802751,0.8288999795800001,0.7608789921,0.8712516427,0.91674979922
holdout,partial_overlap__voice_real__music_fake,25,0.34250046596,0.4631172575,0.6397114434000001,0.16851160590000003,0.3367199292,0.5385965895,0.29922930208000004,0.4363358224,0.61821081498,0.56936433314,0.7469850183,0.8590859532,0.7819234252,0.8930764198,0.9265933871200001
holdout,partial_overlap__voice_real__music_real,25,0.23150195408,0.3350488795,0.56882073022,0.15646298844,0.2355560117,0.5024050484000001,0.17259932322000002,0.2861469755,0.4583659012600001,0.46220415232,0.7738624215,0.85841037034,0.8138306141,0.8771158457,0.91268571614
holdout,sequential__voice_fake__music_fake,25,0.56751473542,0.8903609471,0.97206984268,0.54258413396,0.8903609471,0.97206984268,0.42016570298,0.7019304776,0.88389127146,0.74582382444,0.8102165461,0.88022345308,0.5737859129800001,0.8696696162,0.92012598516
holdout,sequential__voice_fake__music_real,25,0.51571510724,0.8194622803,0.9588014997400001,0.38707053628000004,0.7904426624,0.9588014997400001,0.28567237134,0.4762282834,0.7584463823,0.74451011416,0.8122286201,0.8817800879600001,0.78613692522,0.8496869206,0.91902586222
holdout,sequential__voice_real__music_fake,25,0.35627048746,0.5738951131,0.7929216130800001,0.25060168104,0.4028094986,0.73251866614,0.33284811878,0.533693566,0.70885686072,0.6827286720200001,0.8271025419,0.87401112316,0.695883441,0.8802365065,0.91503160002
holdout,sequential__voice_real__music_real,25,0.29714571112,0.4288631147,0.56256405738,0.17185303196,0.2645511051,0.42442851248,0.26605319654000004,0.4122602687,0.56256405738,0.74611947538,0.8334299326,0.86303174498,0.80312353374,0.8819506168,0.93399968148
holdout,voice_only__voice_fake,25,0.82711773148,0.9843382724,0.99848898408,0.82711773148,0.9843382724,0.99848898408,0.5899933356,0.7065301444,0.84704486068,0.6962343454600001,0.7941350937,0.88132447004,0.029847275080000003,0.0384371094,0.049476876100000004
holdout,voice_only__voice_real,25,0.00060708546,0.072392434,0.3361238373000001,0.00060708546,0.072392434,0.3361238373000001,0.34126453274,0.5099370166,0.6241938304400001,0.63368778226,0.8318300247,0.88481827978,0.037395280600000004,0.0499385558,0.11813236774000002
locked,concurrent__voice_fake__music_fake,25,0.23500099566000002,0.5804432911,0.76203378294,0.26552177934,0.5198629327,0.72683517172,0.19803562922,0.4656658521,0.7187044515000002,0.15669736268,0.5928717256,0.83590795996,0.16918328406000008,0.8586480021,0.91601121426
locked,concurrent__voice_fake__music_real,25,0.23354375398000002,0.36478675,0.59258046052,0.22486103726,0.3799895607,0.5619875131800001,0.1592477957,0.2832386093,0.49258750552,0.16074303094,0.7189275622,0.85156611202,0.77167776824,0.8830325603,0.9204841375
locked,concurrent__voice_real__music_fake,25,0.051823089060000035,0.3597141291,0.55386557422,0.009085102400000001,0.2029879023,0.45235871322000015,0.19264030608000005,0.4704065967,0.6393569879200002,0.16240791384,0.6949093342,0.8584493160400001,0.5308451891,0.8700714707,0.89220536946
locked,concurrent__voice_real__music_real,25,0.12374099864000002,0.3663029361,0.6389724224000002,0.02915972282000002,0.2518066426,0.6056225218400002,0.1524019844,0.3663029361,0.5636558515200001,0.2631967068,0.6566768289,0.80865194798,0.6515812755000001,0.8836864829,0.92798672914
locked,music_only__music_fake,25,0.30070933982,0.5096027353,0.8174643003800001,0.14708661378000001,0.3586300396,0.7591375581400001,0.30070933982,0.5096027353,0.8174643003800001,0.024603996779999998,0.0458201468,0.19949561654000006,0.8239178300000001,0.8789135814,0.91215362552
locked,music_only__music_real,25,0.19477913182,0.4194230255,0.6029613011600001,0.13501791258,0.2837437781,0.49261225125999997,0.13537708258000003,0.3944681347,0.6029613011600001,0.02698435936,0.0449683294,0.15709482432000005,0.83914804462,0.9129036069,0.93846871854
locked,partial_overlap__voice_fake__music_fake,25,0.29279966528,0.649496747,0.9305902036600001,0.29925073534,0.6888167326,0.94946282998,0.2594866961,0.4523505272,0.79693509696,0.45256454348,0.7789109945,0.85461974142,0.814772594,0.8693933487,0.90075631144
locked,partial_overlap__voice_fake__music_real,25,0.27419374868,0.5983636689,0.9197592903400001,0.32966705050000006,0.682506155,0.9197592903400001,0.19149561178000002,0.4048737986,0.6287175809000001,0.52836006284,0.7858517766,0.84545954468,0.76607578996,0.8680130839,0.9341863513199999
locked,partial_overlap__voice_real__music_fake,25,0.28226861588,0.4517338128,0.69096769566,0.15275187522,0.25745674,0.54818431028,0.28226861588,0.4050868958,0.6908592279800001,0.64603332286,0.7682171464,0.87471351624,0.74227626324,0.8519058824,0.8979208469
locked,partial_overlap__voice_real__music_real,25,0.19266736914,0.3570292875,0.5247804150000001,0.1705836757,0.2361334715,0.45084886738,0.16104583966000002,0.3514062232,0.5641382357400001,0.57368386982,0.8064283729,0.8858058214600001,0.7941227316399999,0.8851112127,0.9196584344200001
locked,sequential__voice_fake__music_fake,25,0.5524640307400001,0.7949308197,0.9451667689200001,0.43447546264000003,0.7949308197,0.96613879396,0.39514063508,0.6181210668,0.80253606062,0.7376078605399999,0.8266041875,0.8835249781400001,0.79482747314,0.8843759298,0.91425738332
locked,sequential__voice_fake__music_real,25,0.49934078296,0.7557862608,0.95447701434,0.60694738618,0.8211563657,0.9608082141000001,0.24241333450000005,0.4806329387,0.7609398780800002,0.74615460632,0.8089449406,0.8766321301600001,0.7839078306999999,0.8965502977,0.92770925758
locked,sequential__voice_real__music_fake,25,0.37586502924000004,0.5153165553,0.7736040207400001,0.09578157024,0.3175633601,0.7189874679600001,0.2754479697,0.5525053378,0.6995574600000001,0.78356769084,0.8203151226,0.87483859062,0.8103486538,0.8629087806,0.9072036743199999
locked,sequential__voice_real__music_real,25,0.26799993578,0.3729148329,0.5413627838,0.14952604374,0.2764539537,0.43450704250000005,0.19446351466,0.3351853031,0.5413627838,0.7324077964,0.8226340413,0.8794791579,0.8330038428200001,0.8881425858,0.9244957447000001
locked,voice_only__voice_fake,25,0.78481630502,0.9881569266,0.9999658363,0.78481630502,0.9881569266,0.9999658363,0.54652877112,0.779861325,0.8869987099200001,0.74674278494,0.8098214865,0.88717181684,0.02732903548,0.0464277193,0.06146775184
locked,voice_only__voice_real,25,0.0014769996800000002,0.0254988899,0.7228865322600001,0.0014769996800000002,0.0254988899,0.7228865322600001,0.3599340969,0.5942062051,0.6677957693600001,0.7950831890200001,0.8283054829,0.8811315417400001,0.03581699432,0.0474648252,0.0589370951
