ID,voice_score,music_score,music_v3_score
factorial_0000,0.50725573,0.75971,0.0009735062
factorial_0007,0.29510432,0.22400042,0.0016162512
factorial_0014,0.015492377,0.8650336,0.00027761588
factorial_0021,0.020126523,0.99341595,0.013832289
factorial_0028,0.5912655,0.0029900896,1.8447269e-06
factorial_0035,0.5205342,0.04115435,0.054542985
factorial_0042,0.23265944,0.07158167,0.0005627544
factorial_0049,0.13029106,0.021418255,5.84638e-09
factorial_0056,0.5030507,0.9268,0.0025405202
factorial_0063,0.9858132,0.9790661,0.0036650526
factorial_0070,0.98919743,0.33791664,5.0027946e-05
factorial_0077,0.685411,0.9830872,0.681165
factorial_0084,0.57205325,0.0028566262,0.9114184
factorial_0091,0.0396712,0.050882205,0.0013137758
factorial_0098,0.61909944,0.8674504,0.07476879
factorial_0105,0.3390963,0.017865682,6.0981623e-05
factorial_0112,0.9008854,0.018227708,2.0592113e-06
factorial_0119,0.08550455,0.109049425,0.002040002
factorial_0126,0.32652727,0.2128702,0.028650016
factorial_0133,0.62113863,0.74543625,0.0070182495
factorial_0140,0.65746534,0.96794015,0.009920838
factorial_0147,0.40607855,0.74923104,2.6693238e-05
factorial_0154,0.1861827,0.012016121,0.018820297
factorial_0161,0.09661199,0.020398088,0.71375984
factorial_0168,0.17007479,0.24610814,0.00029792037
factorial_0175,0.583245,0.9865739,0.0035668449
factorial_0182,0.26405108,0.091070436,0.5824727
factorial_0189,0.29419693,0.24393904,0.007352179
factorial_0196,0.56748396,0.8032697,0.03764421
factorial_0203,0.3332892,0.20512451,0.022860955
factorial_0210,0.2923259,0.13137901,0.005010439
factorial_0217,0.4886128,0.02183957,4.0457457e-05
factorial_0224,0.10161282,0.5539853,0.0002146506
factorial_0231,0.927263,0.63479966,0.041907966
factorial_0238,0.39265355,0.05857821,0.011808006
factorial_0245,0.5047076,0.22085732,0.0018856776
factorial_0252,0.821368,0.22619587,0.00079832476
factorial_0259,0.9229047,0.055244688,0.00027383343
factorial_0266,0.17668074,0.0003808164,0.00042593712
factorial_0273,0.6855239,0.5575911,0.0034302527
factorial_0280,0.55548495,0.76709664,0.9938426
factorial_0287,0.6131178,0.94401586,0.88716817
factorial_0294,0.2728683,0.0025788748,0.08248645
factorial_0301,0.004015351,0.2704699,1.4021043e-05
factorial_0308,0.15686546,0.05220079,0.00016484101
factorial_0315,0.20823817,0.99759895,0.006281518
factorial_0322,0.14874184,0.056911997,0.24685718
factorial_0329,0.15870139,0.996988,0.1347904
factorial_0336,0.33692625,0.5427904,0.04400918
factorial_0343,0.73089886,0.977008,0.06265083
factorial_0350,0.08320779,0.03631614,0.00035738776
factorial_0357,0.82051545,0.6368681,0.25624838
factorial_0364,0.9354091,0.36913282,0.03954187
factorial_0371,0.30699465,0.09117058,0.0048798127
factorial_0378,0.9624778,0.11092129,0.038728733
factorial_0385,0.41413748,0.78494763,0.0032069178
factorial_0392,0.71111685,0.92120105,0.87461084
factorial_0399,0.30567208,0.9995871,0.9123938
factorial_0406,0.0015876482,0.9977253,0.00054010144
factorial_0413,0.008926693,0.5554421,0.00023813765
factorial_0420,0.055607133,0.7503186,0.005716809
factorial_0427,0.5130752,1.5030964e-06,0.9724113
factorial_0434,0.44373548,0.0003037494,0.00024511837
factorial_0441,0.028394695,0.057780437,1.0270922e-07
factorial_0448,0.3625651,0.9445882,0.0030638624
factorial_0455,0.7258923,0.9338646,0.00032590373
factorial_0462,0.9348118,0.99773467,0.186641
factorial_0469,0.9701834,0.24408776,1.7672046e-07
factorial_0476,0.67263,0.9999403,0.99999905
factorial_0483,0.7786317,0.00019107044,1.2603982e-06
factorial_0490,0.1754507,0.9788952,0.9935207
factorial_0497,0.14765126,0.99995196,0.060185093
factorial_0504,0.9476306,0.9462431,0.9927511
factorial_0511,0.3977166,1.8291687e-06,6.665415e-07
factorial_0518,0.22161435,1.7187818e-05,0.0005423666
factorial_0525,0.19355176,0.18903255,0.008376887
factorial_0532,0.18270959,0.23722526,0.8711141
factorial_0539,0.31164694,0.07783134,0.012416878
factorial_0546,0.2668076,0.9974976,0.0002930801
factorial_0553,0.45303592,0.16971494,0.07486004
factorial_0560,0.7981199,0.0006320803,0.0019394286
factorial_0567,0.08791535,1.096623e-05,0.0004148285
factorial_0574,0.1453662,0.5836304,0.00013987368
factorial_0581,0.48586494,0.4694829,0.0060149943
factorial_0588,0.27479088,0.984315,0.03532516
factorial_0595,0.54230845,0.7310308,0.0003746295
factorial_0602,0.050366435,0.051047675,0.00018577935
factorial_0609,0.138087,1.6305128e-06,0.0013483712
factorial_0616,0.6755934,0.4832566,8.996347e-07
factorial_0623,0.10603075,0.15850292,0.008645845
factorial_0630,0.27806285,0.99913615,0.0025206797
factorial_0637,0.4989621,0.9309093,0.10268541
factorial_0644,0.118738726,0.9913135,0.0012055628
factorial_0651,0.3573186,0.0023434623,0.0026780155
factorial_0658,0.12106939,0.07515721,0.0011599754
factorial_0665,0.7915608,2.3389882e-06,0.26039517
factorial_0672,0.8529028,0.6287846,0.032240666
factorial_0679,0.19320662,0.24138284,0.028055977
factorial_0686,0.583332,0.9726614,0.0150039485
factorial_0693,0.06545816,0.055556603,0.7748491
factorial_0700,0.032424834,0.13114338,0.001362116
factorial_0707,0.19322336,0.011300411,0.00045009502
factorial_0714,0.09856686,0.2497755,0.18538253
factorial_0721,0.18813673,0.62647015,0.00033965425
factorial_0728,0.14064085,0.4475542,0.26208758
factorial_0735,0.08301698,0.34175888,0.00019607494
factorial_0742,0.08919716,0.9991617,0.005273637
factorial_0749,0.104492396,0.9541423,0.69394577
factorial_0756,0.54258585,0.99309134,0.0073083695
factorial_0763,0.8245967,0.040148575,0.8796052
factorial_0770,0.8994662,0.93587655,0.15188783
factorial_0777,0.8131228,0.8895269,0.55709755
factorial_0784,0.17411497,0.9816157,0.14929713
factorial_0791,0.63897896,0.8364809,0.9868347
factorial_0798,0.9549014,0.99296135,0.8565333
factorial_0805,0.27693543,0.07093576,0.01294905
factorial_0812,0.16494359,0.053455755,0.0015899114
factorial_0819,0.11829164,0.76931643,0.00027271878
factorial_0826,0.38454738,0.005262115,3.287551e-09
factorial_0833,0.60768133,0.9545027,0.49368274
factorial_0840,0.26831904,0.002367787,0.061047696
factorial_0847,0.02234131,0.99552554,0.00043352236
factorial_0854,0.86893547,0.9663644,0.2303178
factorial_0861,0.9861627,0.43396604,0.0007023956
factorial_0868,0.93727934,0.33318782,0.0038505027
factorial_0875,0.62063956,0.03672464,0.9995247
factorial_0882,0.12579684,0.002141875,0.0066441773
factorial_0889,0.05750333,0.99561286,0.00027101583
factorial_0896,0.7769981,0.9978561,4.9928618e-05
factorial_0903,0.8981237,0.39632803,8.846912e-06
factorial_0910,0.28550708,0.0001297154,0.0017624206
factorial_0917,0.2231266,0.79518586,0.07666621
factorial_0924,0.09094208,0.00030244526,0.00014724195
factorial_0931,0.20392467,0.21615778,0.9119759
factorial_0938,0.22603804,0.0065028,0.0015902178
factorial_0945,0.88078696,0.9955069,0.00047812468
factorial_0952,0.30048442,1.2122786e-05,0.00061436073
factorial_0959,0.06021994,0.7167911,0.00023197796
factorial_0966,0.5406351,0.00019503078,0.00016232944
factorial_0973,0.8268402,0.0011648074,0.015004667
factorial_0980,0.3001802,0.9365368,0.99980885
factorial_0987,0.27928588,0.24917023,0.47488904
factorial_0994,0.6757257,0.9998927,0.26912028
factorial_1001,0.26171184,5.303956e-05,2.5638924e-06
factorial_1008,0.43642795,0.00025463713,0.014211714
factorial_1015,0.34450576,0.00053898647,0.028582556
factorial_1022,0.9126815,0.08175957,0.051081177
factorial_1029,0.8807807,0.97001565,0.9312007
factorial_1036,0.3322179,0.0089910915,0.0007344455
factorial_1043,0.025526447,0.8993714,0.008666124
factorial_1050,0.21041554,2.7059777e-05,0.91508234
factorial_1057,0.67886794,0.008298824,0.00015725398
factorial_1064,0.79180455,0.6300428,0.97701615
factorial_1071,0.76183176,0.025692314,0.7883475
factorial_1078,0.22444782,0.99823713,0.9997892
factorial_1085,0.17198089,0.9989856,0.079464145
factorial_1092,0.13897985,0.5310428,5.985304e-06
factorial_1099,0.651342,0.13878775,0.16156201
factorial_1106,0.6312328,0.26725316,0.001108961
factorial_1113,0.09211958,0.6373888,0.007288274
factorial_1120,0.23698558,0.0274758,3.5170703e-07
factorial_1127,0.086717226,0.7245023,0.0021991138
factorial_1134,0.3982557,0.673036,0.21086738
factorial_1141,0.054419436,0.13018568,0.013597683
factorial_1148,0.4509032,0.86046,0.975716
factorial_1155,0.25514588,0.19192539,0.0026122464
factorial_1162,0.6271721,0.31399277,4.8132188e-06
factorial_1169,0.8147939,0.286433,0.0021850897
factorial_1176,0.28005725,0.967545,0.27634677
factorial_1183,0.7393645,0.8700804,0.01415564
factorial_1190,0.31676108,0.5933888,0.046833992
factorial_1197,0.57059985,0.97954607,0.98635143
factorial_0001,0.7524557,0.09668967,0.010562682
factorial_0008,0.7572012,0.67312354,3.5004457e-05
factorial_0015,0.5214265,0.05634155,0.00012085023
factorial_0022,0.83799505,0.29877058,0.00044715108
factorial_0029,0.88759446,0.0021139102,0.07578494
factorial_0036,0.31263626,0.83743006,1.5550317e-05
factorial_0043,0.46864533,0.004635435,0.0014701805
factorial_0050,0.9070736,0.9520572,0.038322862
factorial_0057,0.75457996,0.7956874,0.02939652
factorial_0064,0.5834145,0.89031136,1.2405898e-05
factorial_0071,0.9937219,0.935527,0.16037309
factorial_0078,0.4404612,0.4292702,0.9974878
factorial_0085,0.49186164,0.51965207,0.9889059
factorial_0092,0.40947995,0.77386135,0.98580265
factorial_0099,0.64237106,0.9999852,0.16302556
factorial_0106,0.0058540828,0.027787877,3.9826715e-05
factorial_0113,0.30048436,0.027245915,1.1038227e-06
factorial_0120,0.054410677,0.0035766978,0.0029261764
factorial_0127,0.51619744,0.9993728,0.67209524
factorial_0134,0.77989244,0.8042738,2.4156661e-05
factorial_0141,0.8783717,0.8681031,0.00018995455
factorial_0148,0.5373351,0.96184486,0.00042630636
factorial_0155,0.28922123,0.035505056,0.05632421
factorial_0162,0.70978594,0.004678224,0.0001774723
factorial_0169,0.43814856,0.8720756,0.74034554
factorial_0176,0.9392313,0.96576804,0.010888377
factorial_0183,0.41117403,0.84339327,0.070698194
factorial_0190,0.5309868,0.8345203,6.7377565e-05
factorial_0197,0.8821603,0.2393354,0.0009117776
factorial_0204,0.39959282,0.02831258,0.00056727807
factorial_0211,0.25298488,0.11502341,0.00019175978
factorial_0218,0.62289447,0.035095442,0.000437071
factorial_0225,0.8347764,0.92178506,0.39081776
factorial_0232,0.090312816,0.3728607,0.0005738359
factorial_0239,0.7682802,0.97883534,5.002822e-06
factorial_0246,0.32841367,0.20673601,0.95239633
factorial_0253,0.6391113,0.031752586,0.0033901278
factorial_0260,0.4549561,0.12604143,1.2203808e-05
factorial_0267,0.95872283,0.8500625,0.28739223
factorial_0274,0.19622394,0.11764918,0.9939757
factorial_0281,0.5225072,0.992163,0.00472886
factorial_0288,0.5591112,0.318177,0.999388
factorial_0295,0.7967101,0.8824927,0.04420573
factorial_0302,0.29071945,0.45136473,8.308613e-05
factorial_0309,0.5803086,0.97027844,0.0063130483
factorial_0316,0.3275245,0.05734325,0.0007946376
factorial_0323,0.015717525,0.85755795,0.004679539
factorial_0330,0.1500203,0.21172023,0.03061917
factorial_0337,0.55440843,0.14958148,0.0015791686
factorial_0344,0.48795578,0.9889749,0.06544077
factorial_0351,0.89285904,0.99329376,0.012467065
factorial_0358,0.33697134,6.1070605e-05,2.6114474e-05
factorial_0365,0.18123858,0.018296408,0.05029794
factorial_0372,0.34080687,0.24994035,0.022890097
factorial_0379,0.6881188,0.95997226,0.9877494
factorial_0386,0.2762852,0.8121966,0.051790126
factorial_0393,0.6283871,0.99637294,0.8052338
factorial_0400,0.67530864,0.06995173,0.0627192
factorial_0407,0.14854862,0.90089685,0.00032090137
factorial_0414,0.01989873,0.9989942,0.00024112566
factorial_0421,0.5820887,0.26255926,0.020315368
factorial_0428,0.02275905,4.831785e-05,0.0007093093
factorial_0435,0.6467985,0.00046826445,0.00064392126
factorial_0442,0.8208008,0.09689724,0.014347721
factorial_0449,0.14369564,0.23849496,0.5820699
factorial_0456,0.96784925,0.96343195,0.015248063
factorial_0463,0.14065577,0.98616856,0.0012032515
factorial_0470,0.9295634,0.7717028,6.090138e-07
factorial_0477,0.318794,0.9884769,0.051759414
factorial_0484,0.10730719,0.1601274,0.79243416
factorial_0491,0.89766973,0.7377595,0.00014010622
factorial_0498,0.22709982,0.9956138,0.004058699
factorial_0505,0.30034843,0.29190102,0.00032566054
factorial_0512,0.098924875,0.61095923,0.0028224008
factorial_0519,0.29607385,0.15241088,0.0016685413
factorial_0526,0.5528407,0.5405242,0.002130047
factorial_0533,0.49977782,0.998923,0.012192163
factorial_0540,0.42884868,0.9985079,0.98271585
factorial_0547,0.3885828,0.033735838,0.021107115
factorial_0554,0.28835422,0.0023604669,6.847137e-05
factorial_0561,0.28124884,9.81098e-06,3.2115153e-05
factorial_0568,0.31381968,0.67870235,0.0035585635
factorial_0575,0.29778725,0.44506264,0.0003586072
factorial_0582,0.6497292,0.97652435,0.2533823
factorial_0589,0.05768396,0.8213174,0.0022218102
factorial_0596,0.21958607,0.9540838,0.0015417014
factorial_0603,0.024424125,0.36786965,0.006521075
factorial_0610,0.6797446,0.19037722,0.00013381561
factorial_0617,0.20017913,0.00020518406,0.0010453395
factorial_0624,0.02925713,0.025540868,0.00562463
factorial_0631,0.63647604,0.39763996,0.51868206
factorial_0638,0.075605355,0.25622204,0.029887138
factorial_0645,0.02832896,0.97248274,0.018567115
factorial_0652,0.355239,0.712067,0.99983144
factorial_0659,0.32604218,0.578526,0.5485643
factorial_0666,0.9631489,0.00095919025,0.13200103
factorial_0673,0.6293519,0.378387,0.0009198722
factorial_0680,0.7679416,0.9994174,0.0631801
factorial_0687,0.82393944,0.1838537,0.9996836
factorial_0694,0.7452889,0.9682234,0.80737233
factorial_0701,0.18720877,0.10175011,0.0009614748
factorial_0708,0.15146072,0.9398037,0.003624505
factorial_0715,0.018681187,0.9496395,0.27403477
factorial_0722,0.6152689,0.46213907,0.3509488
factorial_0729,0.07200662,0.8066299,0.0050253393
factorial_0736,0.45909533,0.6322474,0.0011727198
factorial_0743,0.6419373,0.99774325,0.9949838
factorial_0750,0.32872835,0.8548277,0.000113757
factorial_0757,0.74150306,0.004102981,0.97886306
factorial_0764,0.23210461,0.11632669,0.13424185
factorial_0771,0.037913974,0.58875394,0.19070192
factorial_0778,0.80998945,0.92624354,0.22303982
factorial_0785,0.63671535,0.97463685,0.029117826
factorial_0792,0.88940525,0.9401989,0.9910216
factorial_0799,0.53787494,0.6698277,0.0047059106
factorial_0806,0.21355766,0.50551283,0.013086245
factorial_0813,0.5464909,0.17634803,0.005198031
factorial_0820,0.063291624,0.05914528,6.864468e-05
factorial_0827,0.34951058,0.9807576,0.00043099193
factorial_0834,0.038388014,1.6758561e-06,0.013933987
factorial_0841,0.05908015,0.00016082208,0.041731056
factorial_0848,0.18057661,0.021449605,0.0001856972
factorial_0855,0.99606776,0.6179085,0.11248037
factorial_0862,0.97592306,0.921368,0.0025344505
factorial_0869,0.92889345,0.9563811,0.5083289
factorial_0876,0.5314398,0.99631727,0.99155575
factorial_0883,0.6944359,0.999846,0.3140685
factorial_0890,0.30365822,0.6173114,0.017224703
factorial_0897,0.5565715,0.99990094,0.99991214
factorial_0904,0.18447098,0.00022477121,0.45313063
factorial_0911,0.66699433,0.98979247,0.00014556537
factorial_0918,0.38370067,0.01778472,0.029666048
factorial_0925,0.017145118,0.43372932,0.121631496
factorial_0932,0.4450698,0.072414525,2.5683641e-05
factorial_0939,0.17923652,0.024186281,0.60904443
factorial_0946,0.06892477,0.48457155,0.00379019
factorial_0953,0.35977373,4.6483394e-05,8.116631e-05
factorial_0960,0.164307,2.4730332e-05,2.3826651e-05
factorial_0967,0.090222366,0.0059148776,2.0524422e-07
factorial_0974,0.3543093,0.22618276,0.031775616
factorial_0981,0.98557436,0.9999012,0.9422063
factorial_0988,0.61347294,0.3466787,0.00134971
factorial_0995,0.4400702,0.9959122,0.6563584
factorial_1002,0.3054228,0.0007013314,0.031668562
factorial_1009,0.2776003,8.958156e-05,0.61531603
factorial_1016,0.34815767,0.033334695,0.00054885005
factorial_1023,0.020162882,0.9469652,0.96936876
factorial_1030,0.28630635,0.9981458,0.06214949
factorial_1037,0.20576353,0.9883073,0.4319344
factorial_1044,0.10541781,0.95810753,0.121034995
factorial_1051,0.68811196,0.99266255,0.0039864103
factorial_1058,0.52195895,0.003639563,0.009463972
factorial_1065,0.4263889,0.9569049,4.93296e-06
factorial_1072,0.9462751,0.7826714,0.007047583
factorial_1079,0.16345868,0.98995775,0.0033397595
factorial_1086,0.33699173,0.047783732,0.07804106
factorial_1093,0.9354725,0.32518956,0.27389258
factorial_1100,0.29962078,0.24985439,0.006391309
factorial_1107,0.248619,0.32869953,0.01143135
factorial_1114,0.71029365,0.05140924,0.00047653407
factorial_1121,0.06536841,4.953373e-07,0.46848422
factorial_1128,0.2864582,0.06261504,0.019609079
factorial_1135,0.7670156,0.9273545,0.12475068
factorial_1142,0.11326386,0.970584,0.061146747
factorial_1149,0.2997946,0.774919,0.39735782
factorial_1156,0.55075514,0.989373,0.016935566
factorial_1163,0.26988316,0.06118458,0.00068944664
factorial_1170,0.6423206,0.006105998,0.49302474
factorial_1177,0.61322653,0.45362654,0.7469243
factorial_1184,0.70132285,0.23573096,0.3338351
factorial_1191,0.599103,0.9855422,0.053122893
factorial_1198,0.76405025,0.99362683,0.2570236
factorial_0002,0.614117,0.319394,0.0015703794
factorial_0009,0.64066356,0.9964735,0.0051646973
factorial_0016,0.2647573,0.07280163,9.542079e-06
factorial_0023,0.16584954,0.7885465,0.007990368
factorial_0030,0.24608926,0.21694556,0.8526959
factorial_0037,0.30087903,0.20369874,0.15442808
factorial_0044,0.3066403,0.0047615776,0.04424822
factorial_0051,0.9882544,0.7190612,0.0013200552
factorial_0058,0.98120743,0.8610477,0.0017498351
factorial_0065,0.97483283,0.99033785,0.0056759925
factorial_0072,0.92723286,0.95366836,0.002535415
factorial_0079,0.66380715,0.9072505,0.04974569
factorial_0086,0.31708273,0.3749634,0.00018569878
factorial_0093,0.6125629,0.91372585,0.02727649
factorial_0100,0.21549012,0.048860192,6.895172e-05
factorial_0107,0.04528549,0.00030688316,0.032376017
factorial_0114,0.48520038,0.00016895971,0.00037617589
factorial_0121,0.4483398,0.29662496,0.03197561
factorial_0128,0.6682164,0.012678235,0.0031428642
factorial_0135,0.81219566,0.9851077,0.0002289138
factorial_0142,0.06680586,0.98225164,0.0024425606
factorial_0149,0.4039082,0.2244732,0.002515155
factorial_0156,0.17119625,0.06355127,0.019001266
factorial_0163,0.76547295,0.5612144,0.0009140378
factorial_0170,0.41098067,0.98443675,0.045169502
factorial_0177,0.8840198,0.9990465,0.08362304
factorial_0184,0.21736997,0.8636268,0.025753368
factorial_0191,0.8743306,0.98226124,0.00399911
factorial_0198,0.17670085,0.3707675,0.0002535762
factorial_0205,0.014687816,0.0091937715,0.021888893
factorial_0212,0.12045066,0.43548235,0.010906387
factorial_0219,0.93265784,0.77547216,0.009320098
factorial_0226,0.3634377,0.11219666,0.5624515
factorial_0233,0.6530582,0.81230485,0.99763596
factorial_0240,0.07830965,0.82555705,0.013210155
factorial_0247,0.66247517,0.9814927,0.23598963
factorial_0254,0.9206031,0.36894858,0.20076516
factorial_0261,0.9045287,0.5708593,0.00028673158
factorial_0268,0.53657657,0.55352104,0.0072544864
factorial_0275,0.70911795,0.99619824,0.10007512
factorial_0282,0.31182188,0.99753845,0.004312652
factorial_0289,0.7020312,0.009130641,0.01599795
factorial_0296,0.32896578,0.6429689,0.022489112
factorial_0303,0.90557545,0.45017916,0.0039310376
factorial_0310,0.56485313,0.9427898,0.00039244976
factorial_0317,0.6959995,0.15248175,7.772526e-05
factorial_0324,0.046326563,0.7997137,0.014030315
factorial_0331,0.122130804,0.67225504,0.99739313
factorial_0338,0.45458323,0.91793233,0.053884838
factorial_0345,0.19493131,0.9959228,0.020713782
factorial_0352,0.6964271,0.8142567,0.437319
factorial_0359,0.41338766,0.018973092,0.0029650186
factorial_0366,0.40426114,0.110005215,0.000107792795
factorial_0373,0.68876773,0.3267925,0.114436686
factorial_0380,0.70738214,0.9653836,0.4275195
factorial_0387,0.13416284,0.99930906,0.9985869
factorial_0394,0.9006935,0.95456064,0.0017643991
factorial_0401,0.12048883,0.040522516,3.4375127e-05
factorial_0408,0.88583046,0.34244356,0.0718745
factorial_0415,0.01474613,0.70287126,0.00012041896
factorial_0422,0.7156961,0.18975115,0.0022873287
factorial_0429,0.2995489,0.00020527017,0.037455007
factorial_0436,0.1867344,7.563114e-05,0.002717122
factorial_0443,0.7748552,0.00049671205,1.098476e-07
factorial_0450,0.9852335,0.75260144,0.015408876
factorial_0457,0.97496575,0.99566334,0.060143888
factorial_0464,0.95701504,0.23667945,7.3990446e-07
factorial_0471,0.9052981,0.6652536,0.00610274
factorial_0478,0.7132608,0.004356337,0.9446736
factorial_0485,0.22191791,0.9903322,0.91478425
factorial_0492,0.9950622,0.97453827,0.7393724
factorial_0499,0.21048158,0.99879116,0.036010507
factorial_0506,0.03617558,0.06810643,9.422951e-05
factorial_0513,0.13521712,9.350065e-05,0.00018778739
factorial_0520,0.002667164,0.8771506,0.0009937538
factorial_0527,0.75447375,0.9938269,0.955256
factorial_0534,0.051773846,0.99593675,0.0007234483
factorial_0541,0.026705055,0.93205285,0.00018020144
factorial_0548,0.31490248,0.005667234,0.13433084
factorial_0555,0.2530924,0.5434261,9.401438e-05
factorial_0562,0.56495845,0.0063263015,1.0550591e-05
factorial_0569,0.18953349,2.9114022e-05,0.00048571383
factorial_0576,0.57732964,0.857832,0.00010088038
factorial_0583,0.6486483,0.0076438296,4.8464182e-05
factorial_0590,0.12042321,0.9864956,1.5437827e-05
factorial_0597,0.24450424,0.6433976,0.028141119
factorial_0604,0.27676827,0.0003841322,0.001017075
factorial_0611,0.41990548,0.06610785,0.4368385
factorial_0618,0.5086313,0.0006954657,0.0006076747
factorial_0625,0.31622326,0.9982431,0.06404521
factorial_0632,0.121833175,0.54241085,0.9889686
factorial_0639,0.03007795,0.017818728,0.00037854983
factorial_0646,0.16681111,0.8694144,0.0016040625
factorial_0653,0.81788737,0.0005479718,0.0033018163
factorial_0660,0.3437261,0.9932289,0.003871704
factorial_0667,0.7784884,4.6017074e-05,0.0013646965
factorial_0674,0.26816353,0.11865859,0.44890583
factorial_0681,0.7539756,0.00042923138,0.0020985883
factorial_0688,0.87532437,0.4379194,0.98825806
factorial_0695,0.2663577,0.820385,0.7511377
factorial_0702,0.15162767,0.8123757,0.15020369
factorial_0709,0.07569338,0.82866305,0.0072127064
factorial_0716,0.27237308,0.019777704,2.8912375e-05
factorial_0723,0.1157823,0.31123504,0.0026336825
factorial_0730,0.24513443,0.9856258,0.0995471
factorial_0737,0.459242,0.99608237,0.100175165
factorial_0744,0.10238475,0.97733647,0.55537736
factorial_0751,0.34273088,0.90362066,0.0023823404
factorial_0758,0.7733583,0.34696016,0.48539028
factorial_0765,0.5526312,0.2565859,0.008273956
factorial_0772,0.89225686,0.34998176,0.00026437367
factorial_0779,0.9023288,0.8616369,0.0008427933
factorial_0786,0.42830285,0.99992645,0.00021096773
factorial_0793,0.40771198,0.9999479,0.8824634
factorial_0800,0.0062646368,0.19723043,0.0005736511
factorial_0807,0.11829164,0.76931643,0.00027271878
factorial_0814,0.69351375,0.46777847,0.0022772471
factorial_0821,0.42672178,0.8105576,0.026266482
factorial_0828,0.050767023,1.8005459e-06,0.048705395
factorial_0835,0.36431274,0.9778502,0.99156004
factorial_0842,0.8911337,7.026961e-05,0.98630464
factorial_0849,0.89652866,0.40955678,0.001512424
factorial_0856,0.9832466,0.74620986,0.36651134
factorial_0863,0.96079797,0.9624825,0.004611743
factorial_0870,0.8994341,0.90130085,0.011467109
factorial_0877,0.26461443,0.98823094,0.80064344
factorial_0884,0.19517116,0.99990165,0.15799947
factorial_0891,0.17305976,0.99325234,0.20698494
factorial_0898,0.06322187,0.00027073588,0.9554196
factorial_0905,0.079794325,0.0005047813,0.0009457343
factorial_0912,0.77714735,0.13497129,0.020599626
factorial_0919,0.3300228,0.14541095,8.898273e-06
factorial_0926,0.2809321,0.00041969673,0.021783406
factorial_0933,0.49315837,0.34973678,0.10800977
factorial_0940,0.48845732,0.0010147551,0.999716
factorial_0947,0.8953796,0.00019258744,0.9998142
factorial_0954,0.025732772,0.0011094285,2.7768781e-05
factorial_0961,0.69006276,0.27103359,0.0021758978
factorial_0968,0.45469263,0.0034861595,0.32820868
factorial_0975,0.8334544,0.002878983,0.014863425
factorial_0982,0.63226086,0.4937302,0.0013497242
factorial_0989,0.2067742,0.012432693,0.00089171954
factorial_0996,0.06399494,0.031000521,0.033372525
factorial_1003,0.5157826,0.33775297,0.000185336
factorial_1010,0.33468354,0.0024510603,0.00010680381
factorial_1017,0.5039371,0.52599865,0.0046203537
factorial_1024,0.27241448,0.00043249622,0.00082726043
factorial_1031,0.6837474,0.8487805,4.349358e-06
factorial_1038,0.34339812,0.011501599,0.005402945
factorial_1045,0.44014534,0.35645822,0.018380577
factorial_1052,0.50408417,0.281406,0.042667422
factorial_1059,0.90705705,0.22391129,0.001226372
factorial_1066,0.48859766,2.0069103e-05,0.8908323
factorial_1073,0.7061836,0.25493565,0.12115893
factorial_1080,0.18471882,0.045664106,0.0047440515
factorial_1087,0.23153624,0.846344,0.0011229609
factorial_1094,0.08629317,0.98968935,0.30697185
factorial_1101,0.038207345,0.5770307,6.606708e-05
factorial_1108,0.64439905,0.9958859,0.00048278
factorial_1115,0.3163941,0.0026506067,0.0007719602
factorial_1122,0.33868998,0.0025235214,0.018728923
factorial_1129,0.15358172,0.70521736,1.1103646e-05
factorial_1136,0.03619318,0.33823618,0.0005028359
factorial_1143,0.28906196,0.9931526,0.004016383
factorial_1150,0.8315471,0.1059027,0.061002996
factorial_1157,0.4106339,0.45335162,0.95586497
factorial_1164,0.6876872,0.34670776,0.049170032
factorial_1171,0.9346617,0.9713371,0.5074408
factorial_1178,0.15600514,0.97690123,0.9361527
factorial_1185,0.7807042,0.60587186,0.92268497
factorial_1192,0.38173574,0.78353786,0.027095675
factorial_1199,0.8032376,0.0049015665,0.9977337
factorial_0003,0.93065846,0.27587733,0.0018971133
factorial_0010,0.7936892,0.3591849,0.0008068406
factorial_0017,0.152737,0.99788696,0.013147105
factorial_0024,0.09889932,0.29463583,0.0005316594
factorial_0031,0.17074779,8.757754e-05,2.425311e-07
factorial_0038,0.4052398,0.0057359496,0.120784
factorial_0045,0.07715411,0.76591265,0.008800429
factorial_0052,0.9413535,0.99951315,0.0042581945
factorial_0059,0.36779004,0.79744625,0.032749057
factorial_0066,0.91008395,0.8300604,0.00018001272
factorial_0073,0.97874635,0.9425705,0.008242317
factorial_0080,0.22015435,0.34996167,0.99999285
factorial_0087,0.53427005,0.85060495,0.045842223
factorial_0094,0.058429718,0.76888674,0.99991333
factorial_0101,0.69957626,0.23210397,0.0012237536
factorial_0108,0.0369637,0.63664675,7.8836376e-05
factorial_0115,0.620445,0.05250701,3.603483e-05
factorial_0122,0.4949628,0.92829937,0.19396606
factorial_0129,0.8897645,0.6092623,0.009081342
factorial_0136,0.08612338,0.022581164,0.0027392101
factorial_0143,0.64756763,0.9998591,0.0005350696
factorial_0150,0.4177269,0.0055219773,3.1196647e-05
factorial_0157,0.0007081969,0.16219234,0.49451137
factorial_0164,0.34334612,0.0864842,0.3996591
factorial_0171,0.7907547,0.0010317896,0.00049310835
factorial_0178,0.15692037,0.94031495,0.0029869482
factorial_0185,0.48675042,0.97011906,0.9851157
factorial_0192,0.6241517,0.0029518509,0.8375528
factorial_0199,0.7829277,0.9610564,0.3507783
factorial_0206,0.19362888,0.066369444,0.005445821
factorial_0213,0.61252445,0.4061564,0.87403196
factorial_0220,0.65390027,0.7941218,0.0016982824
factorial_0227,0.78337276,0.89960116,0.02841614
factorial_0234,0.44261175,0.9775407,0.95319134
factorial_0241,0.40391555,0.5052607,0.8456716
factorial_0248,0.16460362,0.8475227,0.21570471
factorial_0255,0.04884076,0.04509774,0.00286814
factorial_0262,0.4501899,0.046654303,0.00013183113
factorial_0269,0.5302524,1.0969576e-05,0.0019949062
factorial_0276,0.16750228,0.30568013,0.1906486
factorial_0283,0.44330382,0.6750755,0.24332201
factorial_0290,0.56912255,0.99944144,0.9999976
factorial_0297,0.4315432,0.9714684,0.32284558
factorial_0304,0.12467523,0.33978948,0.0023061894
factorial_0311,0.531019,0.7793256,0.00589527
factorial_0318,0.15356821,0.8619995,0.010698027
factorial_0325,0.6425944,0.44944987,0.008605767
factorial_0332,0.55228347,0.9709353,0.89114517
factorial_0339,0.04727988,0.9973047,0.31771132
factorial_0346,0.6667915,0.9421602,0.30177054
factorial_0353,0.9329695,0.96566343,0.009300369
factorial_0360,0.57807547,0.051313546,0.0019510466
factorial_0367,0.72618,0.84822726,0.05899748
factorial_0374,0.61226946,0.2214001,0.0013614714
factorial_0381,0.7215047,0.9997142,0.8781501
factorial_0388,0.83623004,0.8092916,0.019362997
factorial_0395,0.39039487,0.87995416,0.92109144
factorial_0402,0.12616122,0.86091805,0.0017877409
factorial_0409,0.48034877,0.81391567,0.0011708747
factorial_0416,0.018560864,0.13452658,0.004759417
factorial_0423,0.04121628,0.31891796,0.00076701713
factorial_0430,0.09724842,3.4140427e-05,0.9817661
factorial_0437,0.8157286,0.01949466,0.00028542566
factorial_0444,0.18644457,0.7922155,0.9888643
factorial_0451,0.9876329,0.9089692,0.0048876135
factorial_0458,0.8933199,0.9733277,0.046987455
factorial_0465,0.74487156,0.09399538,2.228346e-06
factorial_0472,0.9905274,0.7093665,0.77590036
factorial_0479,0.8921708,0.8343067,0.00050636486
factorial_0486,0.06211899,0.92579293,0.3057324
factorial_0493,0.9590607,0.098439485,0.9465089
factorial_0500,0.05961252,0.5359722,0.0066230237
factorial_0507,0.81062347,3.6612993e-05,0.8118625
factorial_0514,0.43402335,0.010389295,0.0002180058
factorial_0521,0.47175375,0.9830171,0.013064242
factorial_0528,0.56367147,0.99912494,0.015637923
factorial_0535,0.3338541,0.99829024,0.32836613
factorial_0542,0.23214526,0.006821806,5.611332e-05
factorial_0549,0.2174241,0.46079516,0.0010205732
factorial_0556,0.018268418,0.0006858743,0.00038377568
factorial_0563,0.043251544,1.8177012e-05,4.6652318e-09
factorial_0570,0.87104195,0.5338482,0.81123215
factorial_0577,0.7588343,0.9608827,0.18381281
factorial_0584,0.114610545,0.75681597,0.08256633
factorial_0591,0.18087073,0.12838683,0.0001482969
factorial_0598,0.16060005,0.9824693,6.462874e-05
factorial_0605,0.8023212,6.183466e-05,0.28485596
factorial_0612,0.6574269,0.99182886,0.56428933
factorial_0619,0.053933572,0.0145566715,8.181922e-06
factorial_0626,0.36472976,0.08460074,0.04422444
factorial_0633,0.3200431,0.7213166,0.03179889
factorial_0640,0.03681329,0.87334335,0.012318624
factorial_0647,0.07752712,0.90973073,2.0950347e-05
factorial_0654,0.40320322,0.00047193447,0.027428702
factorial_0661,0.05575776,0.12475209,0.20746389
factorial_0668,0.24535623,0.07107535,1.5885347e-05
factorial_0675,0.40827668,0.046877626,0.99933904
factorial_0682,0.25381324,0.89924634,0.011410316
factorial_0689,0.8628921,0.56283486,8.257509e-05
factorial_0696,0.9752085,0.092187144,0.36481407
factorial_0703,0.2735812,0.04614219,0.540193
factorial_0710,0.2954085,0.52930427,7.082077e-05
factorial_0717,0.22725321,0.0013702257,0.63204896
factorial_0724,0.13479526,0.9144635,0.0028509232
factorial_0731,0.16882576,0.7208557,0.00015324909
factorial_0738,0.116744645,0.9903509,0.0034002075
factorial_0745,0.7087378,0.031157574,0.990724
factorial_0752,0.96425325,0.5263814,0.21503346
factorial_0759,0.47607565,0.74776334,0.0037532165
factorial_0766,0.17299886,0.928918,0.162621
factorial_0773,0.62198466,0.8441235,0.016453315
factorial_0780,0.31374767,0.99011654,0.00020379
factorial_0787,0.89437854,0.6487411,0.8732292
factorial_0794,0.5596846,0.97205126,0.024852427
factorial_0801,0.2998282,0.33832622,0.0008154922
factorial_0808,0.5852571,0.8848336,0.010468878
factorial_0815,0.19308262,0.10727211,0.0049278573
factorial_0822,0.15203637,0.86992425,0.00024882416
factorial_0829,0.3646073,0.23718904,0.07638561
factorial_0836,0.25596216,0.11528167,0.0020656658
factorial_0843,0.5566003,0.9938753,0.5829664
factorial_0850,0.979395,0.9952146,0.035027865
factorial_0857,0.9027774,0.9950819,9.4241106e-05
factorial_0864,0.7409637,0.82506317,0.015001226
factorial_0871,0.1227112,0.91350436,0.11400405
factorial_0878,0.13642052,0.5921981,0.0067337924
factorial_0885,0.021407096,0.96302915,0.94239515
factorial_0892,0.9126443,0.9608146,0.99956375
factorial_0899,0.85833997,0.0059847026,0.15459633
factorial_0906,0.079825595,8.570798e-05,0.00034320413
factorial_0913,0.3231032,0.7667891,2.8705852e-05
factorial_0920,0.8632085,0.00014470264,4.88979e-06
factorial_0927,0.8337142,0.49732125,0.0017277874
factorial_0934,0.5513881,0.013991556,4.9159324e-05
factorial_0941,0.9491629,0.0020960555,0.9999652
factorial_0948,0.08618344,0.37683678,0.0021144636
factorial_0955,0.29196504,0.044807244,0.045813777
factorial_0962,0.28216574,0.00043899092,0.0048145456
factorial_0969,0.25337255,0.0063565164,0.00021420835
factorial_0976,0.850979,0.99988306,0.00022796853
factorial_0983,0.6482907,0.8003952,0.00025837714
factorial_0990,0.4305792,0.28137946,0.9979348
factorial_0997,0.36325938,0.112725474,0.059810083
factorial_1004,0.23127681,0.12585266,0.0017006091
factorial_1011,0.33304265,0.08758876,0.032544993
factorial_1018,0.5459863,0.042824067,0.0007514782
factorial_1025,0.10819687,0.8292239,0.32088193
factorial_1032,0.84527886,0.84968734,0.0370947
factorial_1039,0.05655907,0.015441304,0.011399365
factorial_1046,0.48571038,0.17492947,0.0033140995
factorial_1053,0.71764046,0.98582155,0.074317254
factorial_1060,0.14586191,0.93961525,0.0076665278
factorial_1067,0.4992904,0.005862942,0.010863846
factorial_1074,0.6084879,0.04749835,0.00029830835
factorial_1081,0.55505705,0.96677446,0.008183272
factorial_1088,0.9283316,0.4578455,0.99576867
factorial_1095,0.4965025,0.9996594,0.16272083
factorial_1102,0.64854854,0.015221781,0.0028026802
factorial_1109,0.40732554,0.01975011,0.24866273
factorial_1116,0.71439785,0.00100378,0.054009993
factorial_1123,0.10396454,0.40972856,0.00073051965
factorial_1130,0.31762326,0.69357866,0.008901114
factorial_1137,0.8659207,0.8773517,0.9373933
factorial_1144,0.8756635,0.5807552,0.005054262
factorial_1151,0.5490973,0.27416018,0.0027788193
factorial_1158,0.58226806,0.6723382,0.2484953
factorial_1165,0.23944077,0.50018865,0.36101812
factorial_1172,0.87056214,0.06058241,0.061923943
factorial_1179,0.5356593,0.97265327,0.97535807
factorial_1186,0.2600955,0.7084139,0.15269881
factorial_1193,0.9018078,0.911932,0.827542
factorial_0004,0.20246229,0.9114343,0.00027532165
factorial_0011,0.83260566,0.12356508,0.0018163369
factorial_0018,0.27059448,0.4492555,0.0013241393
factorial_0025,0.24839662,0.96391964,0.97432476
factorial_0032,0.4649658,0.15746489,2.933984e-05
factorial_0039,0.5607887,0.014826584,0.47641367
factorial_0046,0.5356715,0.765101,0.25503922
factorial_0053,0.9591235,0.24766226,0.00013515352
factorial_0060,0.91242826,0.75989467,0.006647835
factorial_0067,0.97874635,0.9425705,0.008242317
factorial_0074,0.9663067,0.36325705,0.004707012
factorial_0081,0.4786851,0.9905676,0.9942444
factorial_0088,0.6330914,0.54118466,0.8551828
factorial_0095,0.6565271,0.23423506,0.9997522
factorial_0102,0.034780458,2.6670923e-05,0.004430638
factorial_0109,0.93647283,0.059937067,0.0012281523
factorial_0116,0.12637885,0.10503335,2.2079705e-06
factorial_0123,0.64054334,0.08896301,0.002223168
factorial_0130,0.3700437,0.6068366,0.12084005
factorial_0137,0.12742524,0.9795145,0.03152497
factorial_0144,0.17735814,0.97711265,7.123387e-05
factorial_0151,0.78515744,0.93241304,0.0034928056
factorial_0158,0.8648885,0.34200695,0.0007654353
factorial_0165,0.7860487,0.9943504,0.0070970533
factorial_0172,0.5420652,0.8540866,0.057163447
factorial_0179,0.4111641,0.8353466,0.05935079
factorial_0186,0.050377034,0.011226752,6.896126e-05
factorial_0193,0.90823764,0.93349874,0.19199476
factorial_0200,0.29929283,0.0034732788,0.0068398467
factorial_0207,0.49497694,0.1853459,0.9983558
factorial_0214,0.39486986,0.023888147,1.41359305e-05
factorial_0221,0.034819346,0.5105242,0.00692436
factorial_0228,0.1052109,0.9998759,0.0021167004
factorial_0235,0.2552075,0.9664699,0.6138198
factorial_0242,0.32535353,0.22601679,0.00014409049
factorial_0249,0.84610474,0.914446,0.0124557875
factorial_0256,0.028994843,0.0020388828,1.1818453e-05
factorial_0263,0.23458606,0.061217666,0.003505525
factorial_0270,0.10513815,0.122496195,0.0019394397
factorial_0277,0.5322554,0.051402837,0.9244506
factorial_0284,0.66514206,0.042489257,0.83487284
factorial_0291,0.6992832,0.99862635,0.03187573
factorial_0298,0.87314826,0.9866477,0.98962843
factorial_0305,0.014479861,0.119179115,0.016570302
factorial_0312,0.1925587,0.0021079236,0.013684896
factorial_0319,0.14305189,0.000831376,0.08482637
factorial_0326,0.5523753,0.95869476,0.0026314761
factorial_0333,0.17509238,0.99743724,0.87266785
factorial_0340,0.5798848,0.46875265,0.14783321
factorial_0347,0.70346326,0.86844146,0.9502815
factorial_0354,0.2302348,0.034462936,0.003960404
factorial_0361,0.74445057,0.9322623,0.23632121
factorial_0368,0.21687931,0.042574827,0.00011949609
factorial_0375,0.37871608,0.99919766,0.53098583
factorial_0382,0.9508295,0.86252964,0.32370138
factorial_0389,0.851287,0.9677577,0.40117425
factorial_0396,0.28690895,0.9892833,0.92700046
factorial_0403,0.37293503,0.90856767,0.00044312928
factorial_0410,0.39704838,0.99875665,0.021962088
factorial_0417,0.0013375292,0.98844784,0.0024339862
factorial_0424,0.023642343,0.99618214,5.7160137e-06
factorial_0431,0.85376644,0.0008054694,0.9885831
factorial_0438,0.40987906,0.9958878,0.9379976
factorial_0445,0.96397305,0.05638854,0.17138904
factorial_0452,0.9748649,0.9446976,1.1377793e-05
factorial_0459,0.958324,0.4920519,0.057110235
factorial_0466,0.42144507,0.99266386,0.00010153035
factorial_0473,0.95462936,0.86564016,0.008742735
factorial_0480,0.9245968,0.99918014,0.9974884
factorial_0487,0.2102561,0.9959527,0.99473935
factorial_0494,0.8350619,0.06943867,2.280567e-05
factorial_0501,0.2472526,0.000103804414,0.025765028
factorial_0508,0.047438197,0.028956493,0.00021848419
factorial_0515,0.7119034,0.043176357,0.38056123
factorial_0522,0.86632556,0.021797484,0.20381956
factorial_0529,0.2170614,0.014451641,2.2806955e-05
factorial_0536,0.30866173,0.9999863,0.99682057
factorial_0543,0.04414116,0.24215792,3.8780636e-06
factorial_0550,0.8691265,4.1401836e-05,0.0014480429
factorial_0557,0.31877562,0.12143076,3.0877578e-05
factorial_0564,0.6870744,0.55424905,6.953165e-05
factorial_0571,0.012152365,0.00011351103,0.000533672
factorial_0578,0.31840396,0.24160147,0.47558242
factorial_0585,0.12516126,0.00061290676,0.045394063
factorial_0592,0.12685315,0.96641326,3.131749e-05
factorial_0599,0.54094946,0.22929016,0.5244679
factorial_0606,0.18694526,0.48855975,0.264075
factorial_0613,0.012134942,0.11367534,0.41931558
factorial_0620,0.23357904,0.062133346,0.0035045806
factorial_0627,0.17213365,0.11578571,0.9955444
factorial_0634,0.11761585,0.03448517,0.15043582
factorial_0641,0.36241874,0.7473535,0.0009168726
factorial_0648,0.24457553,0.94363326,0.00039899547
factorial_0655,0.27063203,0.0011063815,0.00018825656
factorial_0662,0.32497302,0.00015853217,0.09671787
factorial_0669,0.58093256,0.04299566,0.003761113
factorial_0676,0.352008,0.9998636,0.52779645
factorial_0683,0.145083,0.99872655,0.20024268
factorial_0690,0.7081593,0.967572,8.112654e-05
factorial_0697,0.51303583,0.48314372,0.22379337
factorial_0704,0.19721147,0.029563684,0.010571881
factorial_0711,0.14018081,0.0016499198,0.89319843
factorial_0718,0.07834612,0.83365834,0.0843179
factorial_0725,0.47608563,0.93303865,0.0010674939
factorial_0732,0.26646155,0.9999732,0.006235619
factorial_0739,0.022508765,0.99860376,0.04109649
factorial_0746,0.4565593,0.8547524,2.6724618e-05
factorial_0753,0.600996,0.009394077,4.7642534e-06
factorial_0760,0.21644858,0.40180507,0.00020013595
factorial_0767,0.48176003,0.009411958,0.0017730276
factorial_0774,0.8976075,0.8963616,0.9811974
factorial_0781,0.8799702,0.03920783,0.01277203
factorial_0788,0.8815681,0.9973224,0.4332717
factorial_0795,0.44574118,0.42991728,2.2398966e-05
factorial_0802,0.16836374,0.015379013,9.994528e-05
factorial_0809,0.28571278,0.694497,0.005506845
factorial_0816,0.03246066,0.8844407,0.00072111556
factorial_0823,0.0336639,0.24370208,3.887216e-05
factorial_0830,0.71910304,8.168333e-07,0.66101575
factorial_0837,0.58969027,0.99425393,0.64764905
factorial_0844,0.67032933,0.49193457,0.96943474
factorial_0851,0.90411437,0.94797593,0.007020679
factorial_0858,0.8511979,0.96925473,0.044683263
factorial_0865,0.9032358,0.8704096,0.016749902
factorial_0872,0.9766566,0.9728951,0.0053840266
factorial_0879,0.22185329,0.9999999,0.06783326
factorial_0886,0.0047486643,0.9437311,0.9999994
factorial_0893,0.41742477,0.9989145,0.9051416
factorial_0900,0.030094706,0.09288145,0.002229918
factorial_0907,0.0038901079,0.057465818,0.009057742
factorial_0914,0.78637487,0.9934323,0.013320728
factorial_0921,0.2787305,0.12682994,0.9416005
factorial_0928,0.6877427,0.96988916,0.050816532
factorial_0935,0.057680324,0.11575097,0.04331548
factorial_0942,0.15889809,0.4245761,0.10167068
factorial_0949,0.80555403,0.7905853,0.8066503
factorial_0956,0.5608718,0.39336154,0.0051897475
factorial_0963,0.30420154,0.089272074,0.0002472239
factorial_0970,0.49940193,0.050892107,0.0005731499
factorial_0977,0.56491375,0.99674773,0.99948835
factorial_0984,0.695997,0.9712036,0.06879905
factorial_0991,0.7291344,0.2348387,0.048829176
factorial_0998,0.17628081,0.95974356,0.0058827084
factorial_1005,0.1962513,0.75497234,0.00043527893
factorial_1012,0.3172407,0.7157311,0.117152035
factorial_1019,0.18551846,0.0026306428,0.025273189
factorial_1026,0.045203097,0.0010188994,0.16850787
factorial_1033,0.6831635,0.9193476,0.006483148
factorial_1040,0.2693563,0.26715925,1.5270507e-05
factorial_1047,0.60494304,0.8788928,0.0020716842
factorial_1054,0.24824324,0.039918125,0.06125972
factorial_1061,0.8385,0.015925264,0.03296317
factorial_1068,0.743585,0.00021875308,0.004265133
factorial_1075,0.075029396,0.99996006,0.094243854
factorial_1082,0.49798778,0.9470343,0.99682033
factorial_1089,0.7963999,0.9776407,0.0013236401
factorial_1096,0.6253929,0.049207967,0.9162364
factorial_1103,0.42032242,0.08861818,2.480477e-08
factorial_1110,0.11852582,0.8412649,0.07601673
factorial_1117,0.18658221,0.5007667,0.0003662881
factorial_1124,0.44272023,0.23125488,4.3930729e-07
factorial_1131,0.18741335,0.8971689,0.99859124
factorial_1138,0.2596089,0.97669923,0.23712865
factorial_1145,0.2882481,0.026841773,0.04243859
factorial_1152,0.41307223,0.0068672276,0.1896772
factorial_1159,0.5297641,0.9376585,0.0011769813
factorial_1166,0.1984683,0.07336824,0.004040721
factorial_1173,0.5134287,0.9720214,0.012969246
factorial_1180,0.877759,0.08370238,0.9972005
factorial_1187,0.56256396,0.99948066,0.013091611
factorial_1194,0.8057679,0.14114505,0.15901299
factorial_0005,0.074785076,0.9402285,0.00942836
factorial_0012,0.012845795,0.9810234,3.4861176e-05
factorial_0019,0.11049271,0.7669514,0.0077905157
factorial_0026,0.6307925,0.88029313,0.07527814
factorial_0033,0.32575867,0.2055673,0.091849774
factorial_0040,0.50040454,0.12645848,0.0021819419
factorial_0047,0.05696485,0.001351413,0.0051136757
factorial_0054,0.92105246,0.8251857,4.5662597e-05
factorial_0061,0.98658645,0.9031864,0.11774524
factorial_0068,0.7062845,0.9546414,8.3932755e-06
factorial_0075,0.24891178,0.8543798,0.0011864603
factorial_0082,0.45135432,0.44982904,0.091195345
factorial_0089,0.42462835,0.838344,0.8192164
factorial_0096,0.16387837,0.009464791,0.00011829987
factorial_0103,0.126014,0.73571384,0.0010785434
factorial_0110,0.91071564,0.04584157,0.00534337
factorial_0117,0.8577851,0.25861084,0.00011321267
factorial_0124,0.61282235,1.1567086e-05,0.02455677
factorial_0131,0.6389819,0.0030030408,0.00028933765
factorial_0138,0.4638218,0.8666299,0.009834433
factorial_0145,0.34646448,0.41080844,0.0018211764
factorial_0152,0.45319963,0.00049540086,2.7682872e-05
factorial_0159,0.94652915,0.281343,0.0113808885
factorial_0166,0.14214523,0.16657363,3.333897e-06
factorial_0173,0.17055762,0.011120981,1.4258471e-06
factorial_0180,0.74796605,0.5221022,0.3965011
factorial_0187,0.7251928,0.8209606,0.025383696
factorial_0194,0.38984635,0.4053485,0.0005977582
factorial_0201,0.7739592,0.2367999,0.004564582
factorial_0208,0.3636803,0.005701753,2.7402468e-06
factorial_0215,0.5601782,0.49972108,9.6708136e-05
factorial_0222,0.07603157,0.00037373698,0.035175543
factorial_0229,0.054228496,0.16149567,0.00028545287
factorial_0236,0.58124626,0.0013766349,0.0034136889
factorial_0243,0.9228204,0.9906651,0.01676031
factorial_0250,0.79604036,0.59795576,0.00585637
factorial_0257,0.022370704,0.0012291084,0.0025182373
factorial_0264,0.01810885,0.014382152,0.00041281543
factorial_0271,0.65191,0.032230165,0.002485994
factorial_0278,0.14760576,0.38835806,0.5379733
factorial_0285,0.3741713,0.99779725,0.94780993
factorial_0292,0.6754032,0.85532296,0.20661665
factorial_0299,0.9500443,0.9990439,0.00062697806
factorial_0306,0.56906396,0.083943374,0.0016340285
factorial_0313,0.03409668,0.71372527,0.0030181173
factorial_0320,0.03210252,0.25763392,8.212315e-05
factorial_0327,0.78975874,0.99227375,0.015618982
factorial_0334,0.6409272,0.5551644,0.0013254578
factorial_0341,0.51818943,0.99707747,0.002582223
factorial_0348,0.41699967,0.072782665,0.48962095
factorial_0355,0.5497974,0.37885818,0.00012226794
factorial_0362,0.40203384,0.10461088,0.07586602
factorial_0369,0.14314938,0.091220304,0.27544996
factorial_0376,0.4966023,0.18360063,0.3800779
factorial_0383,0.40753585,0.9997248,0.015778717
factorial_0390,0.55933726,0.9985108,0.0033309497
factorial_0397,0.47150943,0.99957985,0.036004797
factorial_0404,0.7691101,0.312937,0.0030822752
factorial_0411,0.06527394,0.16238634,5.672278e-06
factorial_0418,0.17774782,0.071956195,2.497585e-05
factorial_0425,0.37061867,0.04762826,0.036502913
factorial_0432,0.510848,0.99324965,0.011214276
factorial_0439,0.02753601,0.22465035,0.98027164
factorial_0446,0.8921644,0.0111274,0.9492736
factorial_0453,0.9799729,0.6131172,0.45578697
factorial_0460,0.338328,0.9989587,0.0007376225
factorial_0467,0.91883147,0.9067849,0.10813987
factorial_0474,0.9698173,0.47618303,7.64665e-05
factorial_0481,0.85646117,0.976233,0.9992772
factorial_0488,0.052470468,0.21734206,0.84312415
factorial_0495,0.19610056,0.040756233,0.0015848986
factorial_0502,0.040268112,0.0012033599,0.25543016
factorial_0509,0.5253182,4.1330946e-05,8.5120795e-05
factorial_0516,0.6449392,0.020087354,0.00982594
factorial_0523,0.0404499,7.399893e-05,0.6374146
factorial_0530,0.22360462,0.14737934,0.029016353
factorial_0537,0.02880114,0.0042225076,0.00024233076
factorial_0544,0.041200954,0.26511946,0.05157458
factorial_0551,0.06320689,0.35974547,0.9976349
factorial_0558,0.5591304,0.75145847,0.00013446015
factorial_0565,0.5906268,0.00019628296,0.027363997
factorial_0572,0.3783066,0.0042632297,1.3122664e-05
factorial_0579,0.32373825,0.0048097577,0.06644065
factorial_0586,0.42178795,0.4599766,2.6693535e-06
factorial_0593,0.35110614,0.6549258,0.09637986
factorial_0600,0.8514092,0.0051444415,8.581158e-05
factorial_0607,0.21382701,0.62168175,0.0019406102
factorial_0614,0.1164734,0.024222663,0.0025090685
factorial_0621,0.19279116,0.07563141,0.00070510677
factorial_0628,0.36164957,0.73453856,4.81676e-05
factorial_0635,0.18875445,0.8681218,0.98453426
factorial_0642,0.10810758,0.9773636,0.00018268543
factorial_0649,0.28189757,0.9922833,0.0029874144
factorial_0656,0.6542122,0.0071524535,0.7908457
factorial_0663,0.22283,0.00066929276,0.00015887828
factorial_0670,0.40136582,0.60764027,0.72873974
factorial_0677,0.52995646,0.46183583,0.026880218
factorial_0684,0.18634968,0.9990565,0.17374337
factorial_0691,0.8308211,0.9991697,0.99999774
factorial_0698,0.26976398,0.68244874,0.9627641
factorial_0705,0.385362,0.007927614,0.07975644
factorial_0712,0.68063277,0.20213544,0.013577295
factorial_0719,0.21988428,0.72832084,0.23331966
factorial_0726,0.9277375,0.9911144,0.8407453
factorial_0733,0.7690438,0.14227618,0.0017154686
factorial_0740,0.0735529,0.8451283,0.0010962354
factorial_0747,0.052720748,0.7530395,0.005523999
factorial_0754,0.6780927,0.76240885,0.26088488
factorial_0761,0.049073283,0.86038035,0.8177113
factorial_0768,0.96625406,0.64503646,0.057502
factorial_0775,0.7475936,0.27016476,0.13406506
factorial_0782,0.26556164,0.9830996,0.6881769
factorial_0789,0.27296367,0.9979766,0.6742849
factorial_0796,0.7322971,0.2644392,0.81900144
factorial_0803,0.019133538,0.61496156,0.00313832
factorial_0810,0.4135578,0.58884543,2.6973182e-06
factorial_0817,0.12627192,0.30638748,0.00031672907
factorial_0824,0.0062646368,0.19723043,0.0005736511
factorial_0831,0.031696785,0.91918427,0.0056121647
factorial_0838,0.20115666,0.0030809243,0.001275356
factorial_0845,0.16897784,0.3422761,0.97391814
factorial_0852,0.94192713,0.20232753,0.00017161424
factorial_0859,0.9791058,0.6005506,0.00036066223
factorial_0866,0.9479944,0.9887121,2.7675458e-05
factorial_0873,0.9861627,0.43396604,0.0007023956
factorial_0880,0.29116422,0.009600331,0.9487932
factorial_0887,0.90681607,0.9969061,2.4545834e-06
factorial_0894,0.13798475,0.99669063,0.9999937
factorial_0901,0.82888156,0.00013823669,0.006943279
factorial_0908,0.43914503,0.5525921,0.6666575
factorial_0915,0.10588758,0.8553156,0.0010116729
factorial_0922,0.38038418,0.034453724,0.00013823985
factorial_0929,0.026038354,0.00084567,0.0001472626
factorial_0936,0.15624821,0.022530125,0.32465026
factorial_0943,0.11035142,0.2354558,0.4177957
factorial_0950,0.71932876,0.11414695,0.00015772988
factorial_0957,0.7809927,0.99112517,0.017118815
factorial_0964,0.8954751,0.03451844,0.034426156
factorial_0971,0.4891518,0.003623434,0.5729585
factorial_0978,0.58918977,0.55510664,0.00025301857
factorial_0985,0.8603549,0.99930215,0.9644333
factorial_0992,0.81827766,0.98371094,1.2548714e-06
factorial_0999,0.22844866,0.634813,0.15376106
factorial_1006,0.34223327,0.021560535,3.404595e-05
factorial_1013,0.24606411,4.475583e-05,0.023784082
factorial_1020,0.36024955,0.13888909,0.008983069
factorial_1027,0.06610392,0.9997209,0.4794653
factorial_1034,0.40587524,0.08067229,0.80273825
factorial_1041,0.66893977,0.3785848,0.77795994
factorial_1048,0.100750126,0.08075517,0.00068330567
factorial_1055,0.471013,0.0050313417,0.002053812
factorial_1062,0.11651129,0.0013500275,2.9048374e-06
factorial_1069,0.106239274,0.33271033,0.0043480447
factorial_1076,0.5861979,0.5994461,0.0004617729
factorial_1083,0.98474693,0.23901582,0.00051427895
factorial_1090,0.4463185,0.99948573,0.02532975
factorial_1097,0.86450976,0.49970317,0.99137443
factorial_1104,0.1636458,0.39376944,7.156361e-05
factorial_1111,0.4242751,0.9398173,0.0059858286
factorial_1118,0.27782884,0.6944846,0.060137738
factorial_1125,0.15215896,0.9376383,0.8831837
factorial_1132,0.5280581,0.80648524,0.4249031
factorial_1139,0.21306163,0.8677595,0.44806623
factorial_1146,0.2718515,0.8493919,0.06994865
factorial_1153,0.6540068,0.4918274,0.15234397
factorial_1160,0.87272894,0.27535802,0.12708125
factorial_1167,0.80436367,0.90654725,0.021359647
factorial_1174,0.74512994,0.36604384,0.000438047
factorial_1181,0.6753312,0.9910272,0.9932233
factorial_1188,0.09315248,0.8976086,0.0029699083
factorial_1195,0.6379408,0.99184424,0.13794473
factorial_0006,0.66966015,0.21358262,2.652692e-05
factorial_0013,0.19205989,0.31731552,7.5274555e-05
factorial_0020,0.71772784,0.1071411,0.000113429334
factorial_0027,0.053064637,0.8443146,0.32811528
factorial_0034,0.41341734,3.04374e-05,0.00019286071
factorial_0041,0.2745512,0.96458447,0.7145036
factorial_0048,0.28078952,0.8443078,5.8339814e-05
factorial_0055,0.9146581,0.80928123,0.80985063
factorial_0062,0.36025593,0.5096063,0.0054983073
factorial_0069,0.6487044,0.81637985,0.12502097
factorial_0076,0.23225659,0.99992883,0.38989463
factorial_0083,0.28562775,0.9951297,0.0008284311
factorial_0090,0.9702077,0.9844395,0.9995223
factorial_0097,0.1464691,0.72752315,0.057905395
factorial_0104,0.58449227,0.0026228663,0.00016821368
factorial_0111,0.5611889,0.22169404,0.33575472
factorial_0118,0.0588008,0.0026348624,0.00011887251
factorial_0125,0.18677217,0.8905417,0.004314008
factorial_0132,0.6702946,0.39283553,0.0014675411
factorial_0139,0.2458637,0.24868599,0.0003599217
factorial_0146,0.705572,0.784391,0.00066055544
factorial_0153,0.71861285,0.0010579097,0.00058965856
factorial_0160,0.17943165,0.006199209,0.38193604
factorial_0167,0.3317258,6.183696e-05,2.3268472e-06
factorial_0174,0.24503894,0.019737868,0.0006922586
factorial_0181,0.46849987,0.61849636,0.00011827235
factorial_0188,0.42464262,0.8121879,0.23212057
factorial_0195,0.21600936,0.9479616,0.06507522
factorial_0202,0.79702747,0.121412635,0.00019457977
factorial_0209,0.657045,0.09052996,0.009940539
factorial_0216,0.6506729,0.059737846,0.002662784
factorial_0223,0.20461193,0.99910754,0.49625623
factorial_0230,0.14225599,0.9727179,0.021062354
factorial_0237,0.046972964,0.87852424,0.0006506373
factorial_0244,0.61388427,0.00049719715,0.00028750434
factorial_0251,0.6099477,0.261255,0.00010645951
factorial_0258,0.61290485,0.059256084,0.00046556513
factorial_0265,0.9089986,0.9525721,0.036910582
factorial_0272,0.7250494,0.19620234,9.592498e-06
factorial_0279,0.1315084,0.8507312,0.9997074
factorial_0286,0.6550256,0.8637833,0.9999453
factorial_0293,0.9513504,0.99988246,0.9998354
factorial_0300,0.46300724,0.60887516,0.0012314005
factorial_0307,0.2139521,0.009145363,0.00054251193
factorial_0314,0.041536268,0.67736125,0.0006966259
factorial_0321,0.27665633,0.9938286,0.71018445
factorial_0328,0.23000251,0.7957208,0.0016655324
factorial_0335,0.3193632,0.6419848,0.94304407
factorial_0342,0.19383818,0.21698213,0.14111722
factorial_0349,0.15989242,0.9026294,0.023034055
factorial_0356,0.4983249,0.008920704,0.504384
factorial_0363,0.46790236,0.63492554,0.0022217436
factorial_0370,0.0048215007,0.9580947,0.9880343
factorial_0377,0.9217977,0.99189514,0.5695961
factorial_0384,0.08022518,0.8337586,0.25640008
factorial_0391,0.8141601,0.9690355,0.7851261
factorial_0398,0.44224462,0.9995832,0.8827508
factorial_0405,0.033219695,0.43067223,0.0012584722
factorial_0412,0.11382647,0.13594428,0.0016280483
factorial_0419,0.096536204,0.13368124,0.0048459982
factorial_0426,0.44050366,0.26098543,0.06508927
factorial_0433,0.62707883,0.015039916,0.00012329555
factorial_0440,0.0383808,0.03635856,0.00016264536
factorial_0447,0.16241533,0.010422705,0.09268228
factorial_0454,0.9658246,0.9606075,1.970169e-05
factorial_0461,0.9574831,0.5438104,0.043312203
factorial_0468,0.5188405,0.92953676,0.004598777
factorial_0475,0.09376883,0.83227867,0.99999964
factorial_0482,0.17808245,0.99993336,0.9999976
factorial_0489,0.39358914,0.9944623,0.9999094
factorial_0496,0.69925064,0.011885579,0.9248346
factorial_0503,0.65530705,0.09586521,0.9083024
factorial_0510,0.21786252,0.99890304,0.0002093217
factorial_0517,0.17661749,0.0012228074,6.1742844e-06
factorial_0524,0.046067126,0.00045306346,0.023574123
factorial_0531,0.73433477,3.3353375e-05,0.0004677434
factorial_0538,0.44191754,0.9498558,0.0013777431
factorial_0545,0.6080549,0.82885,0.90358126
factorial_0552,0.5382262,0.0010658102,0.0027887698
factorial_0559,0.170996,0.73362803,0.00011989387
factorial_0566,0.18117824,0.000215575,1.683469e-05
factorial_0573,0.4211419,5.6599038e-06,2.4465706e-05
factorial_0580,0.6855862,0.9998989,0.023050152
factorial_0587,0.75895816,0.99331194,0.26163465
factorial_0594,0.2930583,0.9779377,0.00041799538
factorial_0601,0.5184404,0.02115705,0.391493
factorial_0608,0.030711964,0.99467397,0.006791418
factorial_0615,0.19856767,2.4798157e-06,0.735822
factorial_0622,0.091530845,0.0021307832,0.00061955454
factorial_0629,0.32799515,0.9949803,0.0012675563
factorial_0636,0.2243056,0.992867,8.019393e-05
factorial_0643,0.060055528,0.26227054,0.9565017
factorial_0650,0.10770784,0.006261741,0.17279051
factorial_0657,0.5920478,0.14281178,0.017285151
factorial_0664,0.025108239,0.95779544,0.1836492
factorial_0671,0.20625383,0.44138604,0.0041328296
factorial_0678,0.6500113,0.9950203,0.0025870884
factorial_0685,0.51393336,0.8316039,0.43718445
factorial_0692,0.8349877,0.907938,0.9767099
factorial_0699,0.59925896,0.003949614,3.1566327e-05
factorial_0706,0.23401156,0.017496012,0.0023094062
factorial_0713,0.61965305,0.06135453,0.0070498656
factorial_0720,0.6684191,0.37974113,0.34087533
factorial_0727,0.03539854,0.9888332,0.5724363
factorial_0734,0.06936799,0.96884793,0.024880953
factorial_0741,0.16014569,0.24386951,0.9631711
factorial_0748,0.63020426,0.3693268,0.0100878095
factorial_0755,0.9324969,0.14869837,0.0038842915
factorial_0762,0.07900104,0.46983653,6.748875e-05
factorial_0769,0.75211245,0.88110894,1.3965369e-05
factorial_0776,0.48371848,0.9994417,0.0719861
factorial_0783,0.13582723,0.30314818,0.18169823
factorial_0790,0.87428725,0.8475802,0.9824568
factorial_0797,0.85205996,0.87299854,0.04171885
factorial_0804,0.46018544,0.7537586,2.9809896e-06
factorial_0811,0.9380825,0.8731381,0.021561962
factorial_0818,0.62615526,0.7747753,6.1376563e-06
factorial_0825,0.2091361,0.9192161,0.9998827
factorial_0832,0.67142445,0.008867726,7.789636e-05
factorial_0839,0.4658638,3.1882173e-05,0.00017646425
factorial_0846,0.7298084,0.028005632,0.00047846252
factorial_0853,0.9475165,0.7991362,0.69470274
factorial_0860,0.9479944,0.9887121,2.7675458e-05
factorial_0867,0.23118013,0.848324,0.51906466
factorial_0874,0.96639776,0.78491807,0.00025920148
factorial_0881,0.8799054,0.9202721,0.9657326
factorial_0888,0.048377823,0.91059965,0.0007103443
factorial_0895,0.5514706,0.9981336,0.97077215
factorial_0902,0.09568897,0.17456934,0.069492206
factorial_0909,0.13894373,0.7491831,0.0020683587
factorial_0916,0.0035752368,0.00048292542,6.28132e-05
factorial_0923,0.07100964,9.1532465e-06,2.54674e-05
factorial_0930,0.5188845,0.006921836,0.9480201
factorial_0937,0.0965109,0.40159774,0.00017570083
factorial_0944,0.29660872,0.75414634,9.1189315e-05
factorial_0951,0.2832503,0.56933725,0.0045445627
factorial_0958,0.15812,0.28506213,0.8261077
factorial_0965,0.44262183,0.9565807,0.8431809
factorial_0972,0.39190033,0.006066477,0.012709957
factorial_0979,0.27687508,0.9855951,0.25784457
factorial_0986,0.23439205,0.23798366,0.037631623
factorial_0993,0.64497006,0.9674028,1.8776012e-05
factorial_1000,0.37637207,0.6671795,0.0075270412
factorial_1007,0.23072505,0.01704134,5.686858e-05
factorial_1014,0.9200281,8.7015724e-05,0.9988921
factorial_1021,0.14007758,0.71704936,0.076052494
factorial_1028,0.3499054,0.45681006,0.00014448343
factorial_1035,0.8436805,0.9958853,0.8348157
factorial_1042,0.3368158,0.9778867,0.9999187
factorial_1049,0.15333387,0.18145564,0.00016869893
factorial_1056,0.8184338,0.0027601647,0.00016998583
factorial_1063,0.55729765,0.89028007,0.008094334
factorial_1070,0.5904827,0.9245291,0.99312335
factorial_1077,0.79981315,0.9924804,8.6614535e-05
factorial_1084,0.81824625,0.9768868,0.0022717675
factorial_1091,0.6746124,0.07711977,0.10312692
factorial_1098,0.17216526,0.36798367,0.002421878
factorial_1105,0.20227458,0.09501715,0.001860272
factorial_1112,0.6351206,0.0062568258,0.02680889
factorial_1119,0.18485045,0.47784734,0.4563255
factorial_1126,0.23056936,0.44505516,0.0060352925
factorial_1133,0.11476708,0.9993979,0.019225607
factorial_1140,0.13326637,0.07760838,0.93130624
factorial_1147,0.39266613,0.8312255,0.8706793
factorial_1154,0.20422746,0.00080345944,0.00018306906
factorial_1161,0.9152806,0.052588843,0.93211055
factorial_1168,0.46410373,0.17271954,0.021232432
factorial_1175,0.7396052,0.9956819,0.19755735
factorial_1182,0.5506951,0.96892357,0.021631382
factorial_1189,0.3719999,0.9894169,0.39467886
factorial_1196,0.094707705,0.9628501,0.66008216
