ID,learn,adapt
factorial_0000,0.8587273,0.8104330932573113
factorial_0007,0.06534645,0.00711833237547955
factorial_0014,0.01616457,0.00486991726007819
factorial_0021,0.091167144,0.0316553133382834
factorial_0028,0.43013915,0.16361445846409542
factorial_0035,0.7286962,0.3167348110052952
factorial_0042,0.30609894,0.05455808790984215
factorial_0049,0.3994306,0.09811834074352369
factorial_0056,0.8797521,0.9801053467543671
factorial_0063,0.9814031,0.9938448842065027
factorial_0070,0.12580726,0.016076064609720074
factorial_0077,0.5278394,0.361681622905034
factorial_0084,0.25071806,0.22183454931014296
factorial_0091,0.36773553,0.4318908109649576
factorial_0098,0.5237709,0.16991200536947865
factorial_0105,0.34393287,0.05093051379403906
factorial_0112,0.3484207,0.05686351901598958
factorial_0119,0.30672258,0.09729368129259319
factorial_0126,0.55603737,0.2488322498115037
factorial_0133,0.34551084,0.07619433548261423
factorial_0140,0.52847946,0.29149238227634205
factorial_0147,0.5345109,0.2802469408406512
factorial_0154,0.3481283,0.07061476354627932
factorial_0161,0.53054917,0.5461831741340489
factorial_0168,0.47828254,0.592802318051298
factorial_0175,0.11893668,0.019800050102752383
factorial_0182,0.44796726,0.6267106171643979
factorial_0189,0.54120713,0.2953763724662159
factorial_0196,0.9822642,0.9968923576034275
factorial_0203,0.12858899,0.02151849634343271
factorial_0210,0.5267985,0.5614425571775286
factorial_0217,0.29943752,0.04590026346972264
factorial_0224,0.22123277,0.3075783418539694
factorial_0231,0.47306564,0.36679339593856747
factorial_0238,0.34672344,0.46636687449280645
factorial_0245,0.077082664,0.018750491819042855
factorial_0252,0.7063584,0.9639483325724004
factorial_0259,0.8685074,0.993866595386723
factorial_0266,0.17220111,0.04343686037368099
factorial_0273,0.742074,0.8468674626865439
factorial_0280,0.7083563,0.9521944131486003
factorial_0287,0.43629685,0.28040549185733626
factorial_0294,0.62290955,0.9121552180893733
factorial_0301,0.10815137,0.03270466525522332
factorial_0308,0.19508028,0.05279496945540815
factorial_0315,0.11695594,0.060910492893684706
factorial_0322,0.18870658,0.1868826831452575
factorial_0329,0.13136071,0.17024293983001612
factorial_0336,0.44472682,0.5475671655751394
factorial_0343,0.10223771,0.033256588976957
factorial_0350,0.09079156,0.013029664357168074
factorial_0357,0.8839319,0.9958721688636003
factorial_0364,0.88830227,0.9734746285067445
factorial_0371,0.67155147,0.9501855955944022
factorial_0378,0.97418875,0.9965868224885859
factorial_0385,0.6876527,0.91363941995979
factorial_0392,0.480012,0.7302788904463098
factorial_0399,0.14752167,0.4794580661869164
factorial_0406,0.10504938,0.016157638829237913
factorial_0413,0.06998691,0.013799993820293874
factorial_0420,0.20607407,0.18620364861590216
factorial_0427,0.17317377,0.08175021219804715
factorial_0434,0.55694073,0.3422660927687134
factorial_0441,0.27158687,0.0447896920901662
factorial_0448,0.4089813,0.15843259238130575
factorial_0455,0.17353183,0.05870679117637721
factorial_0462,0.9197395,0.985258349772346
factorial_0469,0.8952268,0.9495015561892425
factorial_0476,0.4168863,0.587095088461259
factorial_0483,0.59430814,0.16928674796887289
factorial_0490,0.8264077,0.9593444837596756
factorial_0497,0.48686388,0.21939980651224333
factorial_0504,0.4682361,0.32263626857047567
factorial_0511,0.14943346,0.019768606897631793
factorial_0518,0.14450079,0.01632730691465362
factorial_0525,0.35187492,0.1726896620389997
factorial_0532,0.13683835,0.02043857915942822
factorial_0539,0.08981362,0.013366498361112769
factorial_0546,0.31141663,0.046895641451151486
factorial_0553,0.31658247,0.09724148325305179
factorial_0560,0.2091505,0.04440718380085744
factorial_0567,0.27228153,0.1916390976174928
factorial_0574,0.4356667,0.14010719165355548
factorial_0581,0.2465011,0.029406991442158737
factorial_0588,0.5446968,0.3340980188755618
factorial_0595,0.49591345,0.2152628018732409
factorial_0602,0.32087985,0.20939777972976042
factorial_0609,0.34680417,0.10594989380563438
factorial_0616,0.15626644,0.02779210440577635
factorial_0623,0.22247629,0.18613924905953486
factorial_0630,0.5386699,0.41164913797536323
factorial_0637,0.32740435,0.11025084907818893
factorial_0644,0.5059938,0.353247300113729
factorial_0651,0.709007,0.8936967475136057
factorial_0658,0.69610864,0.6956640545176466
factorial_0665,0.6214194,0.9611491682582336
factorial_0672,0.5255514,0.3718672715491197
factorial_0679,0.42603627,0.4177015286692493
factorial_0686,0.8106599,0.9660442268199301
factorial_0693,0.49071172,0.18177223175346569
factorial_0700,0.21677811,0.048882258319406166
factorial_0707,0.07274958,0.025830457352216476
factorial_0714,0.17773426,0.09487846968171673
factorial_0721,0.24395604,0.06841071309504901
factorial_0728,0.19562618,0.09780857368971138
factorial_0735,0.6570939,0.9557076402186265
factorial_0742,0.3096738,0.3907070037093079
factorial_0749,0.43963602,0.5274846855728088
factorial_0756,0.41823682,0.2184176350566527
factorial_0763,0.78614455,0.9765607949888176
factorial_0770,0.74732333,0.9570794803647665
factorial_0777,0.9368894,0.9952200270875187
factorial_0784,0.7236458,0.9703206776276888
factorial_0791,0.50171006,0.23364114298913002
factorial_0798,0.48689106,0.6104837106784142
factorial_0805,0.39135894,0.5076745760335379
factorial_0812,0.10089294,0.010561134092482338
factorial_0819,0.07036667,0.010430431032894764
factorial_0826,0.48148507,0.3436100584741604
factorial_0833,0.2661397,0.1162621582399324
factorial_0840,0.43093848,0.23855589906046906
factorial_0847,0.46027482,0.19111871203222727
factorial_0854,0.9996724,0.9998676598502121
factorial_0861,0.92162484,0.9443043366963905
factorial_0868,0.94988465,0.9840588193149512
factorial_0875,0.3178845,0.11050965033636213
factorial_0882,0.5713806,0.28840727063039456
factorial_0889,0.25809643,0.05273751061725674
factorial_0896,0.5780741,0.4944982240248535
factorial_0903,0.17479679,0.09955124459444414
factorial_0910,0.2445092,0.04136949699469669
factorial_0917,0.24727067,0.05382357553595831
factorial_0924,0.4424243,0.3332663280772162
factorial_0931,0.117989995,0.016257486288153492
factorial_0938,0.44408727,0.2328762707871976
factorial_0945,0.43539637,0.25397572411474456
factorial_0952,0.24314196,0.033577721591368945
factorial_0959,0.4096229,0.1124654147883257
factorial_0966,0.43515137,0.3053934727711147
factorial_0973,0.15477294,0.01659349795936438
factorial_0980,0.28808242,0.10384398746597846
factorial_0987,0.3933282,0.07936636582967199
factorial_0994,0.8475996,0.8255622125594215
factorial_1001,0.25375828,0.047377907368382405
factorial_1008,0.5316763,0.30470415461161066
factorial_1015,0.39011997,0.10549668053915774
factorial_1022,0.12342455,0.3623811519843324
factorial_1029,0.08855062,0.07825032371975402
factorial_1036,0.3009428,0.12808478527375633
factorial_1043,0.13602753,0.03574758220355604
factorial_1050,0.5051622,0.1090312616403673
factorial_1057,0.9687562,0.9986083593490157
factorial_1064,0.36531916,0.45347381591199687
factorial_1071,0.58630615,0.5639467666844173
factorial_1078,0.36937538,0.3401860231900326
factorial_1085,0.5240085,0.4817349584463965
factorial_1092,0.42361298,0.22284476049971547
factorial_1099,0.9329439,0.9953940664761003
factorial_1106,0.18616568,0.057556567075677176
factorial_1113,0.17304103,0.16240281093819753
factorial_1120,0.36800373,0.14026622937352645
factorial_1127,0.15893677,0.03632659828139429
factorial_1134,0.74007463,0.8109278071132353
factorial_1141,0.09926013,0.07067402591905184
factorial_1148,0.7756202,0.7737697371632177
factorial_1155,0.89586484,0.98112623622876
factorial_1162,0.8848379,0.9868426434659351
factorial_1169,0.73453635,0.9446155307937844
factorial_1176,0.8414273,0.982527336402499
factorial_1183,0.63663447,0.7539707121977387
factorial_1190,0.59717315,0.941970740788908
factorial_1197,0.2793563,0.5061522222106438
factorial_0001,0.2888527,0.09743190507715578
factorial_0008,0.074871555,0.00850708131207451
factorial_0015,0.41880965,0.3488065523019541
factorial_0022,0.54688495,0.3578164064737621
factorial_0029,0.38914365,0.17879514586428122
factorial_0036,0.26983684,0.10030507752613706
factorial_0043,0.38032183,0.13472557065833712
factorial_0050,0.7361207,0.7241532194445315
factorial_0057,0.984752,0.9946962947724446
factorial_0064,0.2437693,0.03816457027032697
factorial_0071,0.9983677,0.9995685993131361
factorial_0078,0.34713402,0.3280553020623963
factorial_0085,0.4160646,0.10502273908173476
factorial_0092,0.32070184,0.04169050408098345
factorial_0099,0.26317838,0.1278384883198368
factorial_0106,0.13381584,0.01572657808541664
factorial_0113,0.38580364,0.13274482550113026
factorial_0120,0.3607505,0.10684370115347393
factorial_0127,0.3881197,0.37972775842092266
factorial_0134,0.21327007,0.06165938091995097
factorial_0141,0.64342237,0.5169154892991644
factorial_0148,0.16789038,0.02508502031952409
factorial_0155,0.45955977,0.37699613966658707
factorial_0162,0.54461783,0.4283115528097191
factorial_0169,0.21683197,0.04111732161998393
factorial_0176,0.23955055,0.028039085080353826
factorial_0183,0.5560599,0.18078795629082262
factorial_0190,0.32906303,0.22939841317164333
factorial_0197,0.34963158,0.06334929264195777
factorial_0204,0.1832513,0.07865570899124791
factorial_0211,0.4492552,0.4487505049202095
factorial_0218,0.261066,0.039973326259243165
factorial_0225,0.4598495,0.3545484492197036
factorial_0232,0.32843694,0.1790637859026593
factorial_0239,0.2170025,0.11946643804439283
factorial_0246,0.3134339,0.09982205757342848
factorial_0253,0.959938,0.997858199792207
factorial_0260,0.97404283,0.9972556131954267
factorial_0267,0.94862014,0.9968686689533929
factorial_0274,0.53569,0.9368023662266421
factorial_0281,0.5780489,0.887595605710218
factorial_0288,0.32056072,0.6669438328151271
factorial_0295,0.39263627,0.3316233121358364
factorial_0302,0.16824427,0.045420221403922656
factorial_0309,0.25158525,0.16931979233093408
factorial_0316,0.14514509,0.04645548110008117
factorial_0323,0.11133611,0.13723967838818243
factorial_0330,0.27969068,0.058252605643300384
factorial_0337,0.29139695,0.6051396723331259
factorial_0344,0.34891874,0.13113515083026708
factorial_0351,0.7517888,0.9656072820516819
factorial_0358,0.648292,0.9686871352086477
factorial_0365,0.17138042,0.05956782497380027
factorial_0372,0.4839114,0.24599002196267483
factorial_0379,0.5141962,0.4275143845469552
factorial_0386,0.7330411,0.9374526398289982
factorial_0393,0.9185747,0.993269916907781
factorial_0400,0.119190186,0.020541667753502704
factorial_0407,0.016555272,0.009694139382857372
factorial_0414,0.16411853,0.039167286522387074
factorial_0421,0.47554672,0.2731106383391331
factorial_0428,0.32317415,0.6015125381214622
factorial_0435,0.28479633,0.06889962491392329
factorial_0442,0.3296694,0.0748353351004297
factorial_0449,0.34374073,0.34452666360087253
factorial_0456,0.72424173,0.8187193177470977
factorial_0463,0.9989526,0.9996679020064648
factorial_0470,0.8757037,0.9520637286927263
factorial_0477,0.6494649,0.4147415623626866
factorial_0484,0.49134493,0.4594133076744345
factorial_0491,0.4858238,0.12241015705027118
factorial_0498,0.5394178,0.3732643411976203
factorial_0505,0.4586395,0.09677106568391476
factorial_0512,0.165772,0.06451410557846808
factorial_0519,0.38594553,0.11789395143455883
factorial_0526,0.09719727,0.015074213100310792
factorial_0533,0.21888289,0.19155102285359932
factorial_0540,0.20655927,0.14720712205890626
factorial_0547,0.43938902,0.3672214725070373
factorial_0554,0.45493904,0.12292901970094182
factorial_0561,0.4298102,0.09831217016499695
factorial_0568,0.11660445,0.012365607947258215
factorial_0575,0.50141746,0.1695547135369686
factorial_0582,0.37033325,0.18201056702667598
factorial_0589,0.5963294,0.7614341553336648
factorial_0596,0.6658466,0.5513544714693395
factorial_0603,0.19238482,0.11047992968516508
factorial_0610,0.37963653,0.25354101212969476
factorial_0617,0.14516643,0.026494147272953496
factorial_0624,0.36091378,0.6363584342359211
factorial_0631,0.11969398,0.03639754458281904
factorial_0638,0.13217591,0.026780732464055393
factorial_0645,0.56842875,0.4787854248405115
factorial_0652,0.54036397,0.2934506397384114
factorial_0659,0.42660236,0.2128689743050386
factorial_0666,0.43208683,0.2892364675588506
factorial_0673,0.64372146,0.7146023760856101
factorial_0680,0.7340606,0.9261588584489218
factorial_0687,0.929216,0.9948055636538067
factorial_0694,0.58921957,0.6366297478871361
factorial_0701,0.1753892,0.06296542970991004
factorial_0708,0.42056635,0.3625615059341718
factorial_0715,0.3181578,0.07245906938165914
factorial_0722,0.2379721,0.08487620159767177
factorial_0729,0.55903727,0.5583851556577165
factorial_0736,0.473439,0.5452400418004676
factorial_0743,0.41248047,0.5620224034132033
factorial_0750,0.7646245,0.9743419605346002
factorial_0757,0.5165833,0.6406274090190236
factorial_0764,0.9322518,0.9963200638682737
factorial_0771,0.21968693,0.6648292288129893
factorial_0778,0.9801414,0.9975788511392045
factorial_0785,0.8071951,0.7388007074472853
factorial_0792,0.9106652,0.9965609180512288
factorial_0799,0.97316134,0.9972221957149459
factorial_0806,0.16897607,0.04650275721851393
factorial_0813,0.1339516,0.017842017200374878
factorial_0820,0.022643583,0.010083008554728278
factorial_0827,0.4060169,0.18393627918325128
factorial_0834,0.29620308,0.12904665677557858
factorial_0841,0.3576791,0.0728099314666636
factorial_0848,0.19646151,0.05335417440153533
factorial_0855,0.99751556,0.9995878287005837
factorial_0862,0.94750655,0.9898325258987913
factorial_0869,0.99949706,0.999798033695714
factorial_0876,0.37771544,0.19162635508789908
factorial_0883,0.5823646,0.618049302255956
factorial_0890,0.63191897,0.7152247396230815
factorial_0897,0.28818718,0.18214131067043143
factorial_0904,0.105106145,0.019473037379291236
factorial_0911,0.23921457,0.039527438697286595
factorial_0918,0.45820448,0.3493307199744088
factorial_0925,0.072514504,0.012507334419519638
factorial_0932,0.11872173,0.014537786981452786
factorial_0939,0.51187885,0.46842916568638576
factorial_0946,0.12539557,0.023817999885544693
factorial_0953,0.22812994,0.03167230359886785
factorial_0960,0.4822211,0.5115222542841611
factorial_0967,0.48567626,0.3217943847851915
factorial_0974,0.37587592,0.07990056639157134
factorial_0981,0.5083297,0.5111956750874053
factorial_0988,0.06599125,0.0058736263035029865
factorial_0995,0.70190346,0.4606343251377207
factorial_1002,0.16037889,0.12484250832607723
factorial_1009,0.15042114,0.028788426991761755
factorial_1016,0.11320715,0.035256184138477864
factorial_1023,0.22952834,0.5027505498302213
factorial_1030,0.2863842,0.12508654513195944
factorial_1037,0.34103844,0.10873193054506294
factorial_1044,0.5351392,0.44191051145032006
factorial_1051,0.25552845,0.062476072709111825
factorial_1058,0.54137665,0.36341226080053646
factorial_1065,0.8568134,0.9711507954937366
factorial_1072,0.74810785,0.9704448693258246
factorial_1079,0.46984237,0.21067466322443112
factorial_1086,0.82221746,0.9425693776224237
factorial_1093,0.985567,0.9977397784374492
factorial_1100,0.48075372,0.5827312452686835
factorial_1107,0.49085063,0.29281127035142157
factorial_1114,0.13094029,0.19113183728935135
factorial_1121,0.33115613,0.18685414922588783
factorial_1128,0.64844537,0.735693463692015
factorial_1135,0.50137097,0.5542603825660741
factorial_1142,0.23220855,0.050232603071570105
factorial_1149,0.27036124,0.07312542236229465
factorial_1156,0.96873516,0.9985920265771931
factorial_1163,0.13714127,0.037947029585015904
factorial_1170,0.81968576,0.9749736490411951
factorial_1177,0.35481876,0.5037660826351584
factorial_1184,0.9100701,0.9962611154129862
factorial_1191,0.6735592,0.8167767083314363
factorial_1198,0.87478656,0.9765366198414656
factorial_0002,0.13677315,0.03979292052070877
factorial_0009,0.23828495,0.06004963246029456
factorial_0016,0.11870844,0.018051878766112223
factorial_0023,0.080334686,0.01586702354746127
factorial_0030,0.20947126,0.03555099331710817
factorial_0037,0.13907239,0.07281314099512025
factorial_0044,0.341255,0.10440273761982413
factorial_0051,0.8916121,0.8518605718572043
factorial_0058,0.9874423,0.9965448931224122
factorial_0065,0.97590214,0.9957745592852185
factorial_0072,0.97069496,0.9889511076187404
factorial_0079,0.4301128,0.21706004618467833
factorial_0086,0.5492873,0.22821816599662934
factorial_0093,0.48191038,0.4014420502665515
factorial_0100,0.18977028,0.050514127581848235
factorial_0107,0.4073403,0.21811720203994253
factorial_0114,0.119032085,0.03203041315583544
factorial_0121,0.62244165,0.2239052822613628
factorial_0128,0.56120694,0.4235489647561469
factorial_0135,0.2446939,0.07621460254378003
factorial_0142,0.3424206,0.08324481511824465
factorial_0149,0.527519,0.14466195673402496
factorial_0156,0.39976877,0.12169158101118095
factorial_0163,0.24175353,0.03422182886975071
factorial_0170,0.27920407,0.07750557508789688
factorial_0177,0.337052,0.09444796798426308
factorial_0184,0.2653124,0.23075207948946924
factorial_0191,0.17301768,0.02020157881207966
factorial_0198,0.12380452,0.015697606171018806
factorial_0205,0.0665386,0.020326188628727947
factorial_0212,0.255701,0.13636395129698947
factorial_0219,0.630096,0.636937725041883
factorial_0226,0.20124295,0.2304072088539862
factorial_0233,0.39345497,0.8118869429156637
factorial_0240,0.35476652,0.1773432865169135
factorial_0247,0.53413314,0.7567899496640753
factorial_0254,0.80578214,0.9922353441490718
factorial_0261,0.40202552,0.2466598476979788
factorial_0268,0.15608232,0.1954259760811685
factorial_0275,0.71144676,0.8906589401099656
factorial_0282,0.18042603,0.05556715749433765
factorial_0289,0.5330736,0.5629192501134077
factorial_0296,0.359591,0.2352754526420264
factorial_0303,0.22334425,0.0589703447189835
factorial_0310,0.26316983,0.1694148310442885
factorial_0317,0.22310054,0.09308336561738327
factorial_0324,0.70192707,0.9326088724809569
factorial_0331,0.15843815,0.7297876783282002
factorial_0338,0.20870079,0.18293165112042872
factorial_0345,0.33126423,0.13794704875606648
factorial_0352,0.9674128,0.9972016226760066
factorial_0359,0.73631346,0.9485334539553468
factorial_0366,0.59592366,0.8419508729994323
factorial_0373,0.5241656,0.6000730228871923
factorial_0380,0.26076004,0.21203961504290225
factorial_0387,0.6582268,0.9486027421536073
factorial_0394,0.8024409,0.9629013056916778
factorial_0401,0.014535402,0.004070589888738259
factorial_0408,0.26022157,0.12166251381298647
factorial_0415,0.14575092,0.017359770932584315
factorial_0422,0.20021458,0.05055051994688643
factorial_0429,0.37582508,0.21579166495365043
factorial_0436,0.33041996,0.0925137361918247
factorial_0443,0.5544662,0.5677858170481527
factorial_0450,0.9995271,0.999834807056072
factorial_0457,0.98906857,0.9953340080132015
factorial_0464,0.9782088,0.993227861721022
factorial_0471,0.9572248,0.9914549021119566
factorial_0478,0.5468755,0.5691756476529779
factorial_0485,0.54057145,0.7247473990137075
factorial_0492,0.46669975,0.46468990687323736
factorial_0499,0.5617116,0.36251330631037526
factorial_0506,0.4573512,0.2837543173859594
factorial_0513,0.5071498,0.22491203016995762
factorial_0520,0.19812217,0.04254926694344612
factorial_0527,0.3035114,0.0748016346493084
factorial_0534,0.16914558,0.02499800534602432
factorial_0541,0.37206775,0.20343039818119754
factorial_0548,0.14153364,0.022840436947490213
factorial_0555,0.60851175,0.4482167102331251
factorial_0562,0.34306842,0.0597904475379924
factorial_0569,0.43984574,0.0730335538400708
factorial_0576,0.11974755,0.012635642002523657
factorial_0583,0.44496942,0.5707848023805299
factorial_0590,0.16383699,0.026131401210346128
factorial_0597,0.28565225,0.09510335878277369
factorial_0604,0.30317357,0.0950122168871518
factorial_0611,0.22893667,0.05367526091361929
factorial_0618,0.04876034,0.014523105634761044
factorial_0625,0.59626275,0.5470035399988563
factorial_0632,0.5077068,0.43778655589845833
factorial_0639,0.5692903,0.7591640968912221
factorial_0646,0.10195689,0.2123441344852831
factorial_0653,0.80816424,0.9820165210562456
factorial_0660,0.8399907,0.9710438847223187
factorial_0667,0.75814915,0.8924346431947052
factorial_0674,0.7617085,0.9783388591990463
factorial_0681,0.7517206,0.9246925225176627
factorial_0688,0.5300009,0.3949390161610333
factorial_0695,0.79645497,0.9868251991298319
factorial_0702,0.28202745,0.14025335460945068
factorial_0709,0.42868808,0.33665219532375157
factorial_0716,0.067363076,0.026763691109877252
factorial_0723,0.4035665,0.2576516252407132
factorial_0730,0.22974984,0.3216573112794454
factorial_0737,0.40658256,0.41630080511204604
factorial_0744,0.4522598,0.9127093414338079
factorial_0751,0.9710272,0.9971053658932953
factorial_0758,0.9164412,0.9903402003521516
factorial_0765,0.90986264,0.9897282083875913
factorial_0772,0.7071108,0.957211773643505
factorial_0779,0.8008194,0.9363573971668461
factorial_0786,0.90406847,0.9832358585657369
factorial_0793,0.6589518,0.7106211272597013
factorial_0800,0.01148173,0.008332061388188613
factorial_0807,0.07036667,0.010430431032894764
factorial_0814,0.60847765,0.646336963331345
factorial_0821,0.67543286,0.49803062036618523
factorial_0828,0.28077695,0.12388040952430193
factorial_0835,0.35019124,0.22452916239967347
factorial_0842,0.543957,0.3959157940729577
factorial_0849,0.6652788,0.4324196658379368
factorial_0856,0.81297237,0.7968443651292693
factorial_0863,0.99979776,0.9999229447997691
factorial_0870,0.9854247,0.9959511822874333
factorial_0877,0.31792325,0.10713137715971989
factorial_0884,0.40738857,0.16153269070087042
factorial_0891,0.2766626,0.04646995899494448
factorial_0898,0.26475435,0.048159439513528905
factorial_0905,0.36490074,0.17880577698434066
factorial_0912,0.81135005,0.3846121875554063
factorial_0919,0.22378677,0.03773165836265083
factorial_0926,0.44747835,0.5663633956515125
factorial_0933,0.18279445,0.09197021273806963
factorial_0940,0.37058547,0.336517436380062
factorial_0947,0.44280687,0.12579772590465976
factorial_0954,0.6268916,0.5393612440535774
factorial_0961,0.30785465,0.11996825207675826
factorial_0968,0.33649287,0.10218870233178744
factorial_0975,0.5546567,0.31327809588565964
factorial_0982,0.67104137,0.5973602183596816
factorial_0989,0.28030407,0.07732344058933115
factorial_0996,0.3655694,0.19998319734886866
factorial_1003,0.3215161,0.1267426557116713
factorial_1010,0.2613088,0.054021147846512164
factorial_1017,0.43146437,0.2726130636487898
factorial_1024,0.29200628,0.051345973687577214
factorial_1031,0.25466505,0.43338312740823726
factorial_1038,0.1782007,0.08000192961665592
factorial_1045,0.20142056,0.09313776567579748
factorial_1052,0.7332287,0.9544147250359281
factorial_1059,0.91156274,0.9939720347342935
factorial_1066,0.34157673,0.13438452786069768
factorial_1073,0.9382532,0.9960183789197885
factorial_1080,0.49963906,0.33143302033654654
factorial_1087,0.40943345,0.36367314319347144
factorial_1094,0.13629688,0.04158485860050625
factorial_1101,0.46965456,0.19750391843816398
factorial_1108,0.37435654,0.33556127400323077
factorial_1115,0.2541185,0.08813825738739603
factorial_1122,0.29745775,0.08766106032963628
factorial_1129,0.07521052,0.06140106499036532
factorial_1136,0.050284673,0.010657894403702364
factorial_1143,0.35357293,0.3547141279899208
factorial_1150,0.6153497,0.9383462840753213
factorial_1157,0.66487247,0.9375795571311454
factorial_1164,0.9056125,0.987743298968268
factorial_1171,0.990204,0.9990624221238522
factorial_1178,0.2071893,0.08540535575962155
factorial_1185,0.9201315,0.9967121284302474
factorial_1192,0.8919182,0.9847026087082222
factorial_1199,0.9208358,0.9932538691813969
factorial_0003,0.49173295,0.798932145359278
factorial_0010,0.3201618,0.12249291484197584
factorial_0017,0.12966083,0.017074987750988153
factorial_0024,0.10848286,0.020869491761978838
factorial_0031,0.3625967,0.07628876559272416
factorial_0038,0.2581186,0.0708752144384389
factorial_0045,0.31158966,0.0653896800438212
factorial_0052,0.9665061,0.9875690113951392
factorial_0059,0.87187904,0.9582083022185157
factorial_0066,0.95936257,0.9772688609875556
factorial_0073,0.7066299,0.8198567625571446
factorial_0080,0.5725928,0.8976761005141821
factorial_0087,0.46381602,0.38582842935400763
factorial_0094,0.31583914,0.3019277710115093
factorial_0101,0.4022005,0.10859391273562587
factorial_0108,0.4960278,0.5637289309948608
factorial_0115,0.52215356,0.2063422696671121
factorial_0122,0.2033037,0.03892954687468553
factorial_0129,0.15169074,0.022860239410453884
factorial_0136,0.37633732,0.312667444438639
factorial_0143,0.19452444,0.07221644783432855
factorial_0150,0.3566786,0.10116544595943222
factorial_0157,0.3446007,0.2992789751055484
factorial_0164,0.23976488,0.03360156559893894
factorial_0171,0.4837784,0.11849011011297707
factorial_0178,0.3582345,0.09888276542947985
factorial_0185,0.13539928,0.029491334021428606
factorial_0192,0.4300524,0.48564459019086
factorial_0199,0.7517527,0.741876267082995
factorial_0206,0.19354397,0.04159812884888151
factorial_0213,0.39835355,0.16545718662048425
factorial_0220,0.37656346,0.1767488926699095
factorial_0227,0.24337193,0.07153253385032747
factorial_0234,0.38397163,0.433529848557725
factorial_0241,0.30103797,0.0460494725217543
factorial_0248,0.21837872,0.2708447898723856
factorial_0255,0.40173957,0.6698637462964956
factorial_0262,0.80748385,0.9879650881948203
factorial_0269,0.70324826,0.9626477861126045
factorial_0276,0.5181992,0.4956874687749129
factorial_0283,0.24348669,0.030244762770964554
factorial_0290,0.880231,0.9597471042762167
factorial_0297,0.66739035,0.839548807782638
factorial_0304,0.18207715,0.054448598868655586
factorial_0311,0.40431252,0.3096384540430735
factorial_0318,0.601161,0.8519005781219227
factorial_0325,0.18212922,0.055087022227995074
factorial_0332,0.29410625,0.23986928016442172
factorial_0339,0.2187074,0.06938716073021502
factorial_0346,0.27459416,0.20917254911241812
factorial_0353,0.9898671,0.9990547767487897
factorial_0360,0.58827126,0.6685928592443254
factorial_0367,0.5886818,0.8891092117845325
factorial_0374,0.87421745,0.9937662013107522
factorial_0381,0.29236773,0.6630297345057657
factorial_0388,0.9888859,0.9992922051301829
factorial_0395,0.8404453,0.9639168767556037
factorial_0402,0.15031917,0.0211978093699746
factorial_0409,0.2757469,0.054470251678369754
factorial_0416,0.015758507,0.002012857375482357
factorial_0423,0.019748244,0.007434052492885663
factorial_0430,0.4056082,0.18747927193565211
factorial_0437,0.3094911,0.10528160568990755
factorial_0444,0.3504665,0.31325097841111504
factorial_0451,0.90784633,0.95982537838938
factorial_0458,0.86778873,0.9638752471201156
factorial_0465,0.9736303,0.9905809313223806
factorial_0472,0.9689269,0.9942710297380674
factorial_0479,0.5321364,0.14620138667212715
factorial_0486,0.38826585,0.26746447965187037
factorial_0493,0.6119948,0.22379572160235933
factorial_0500,0.17461832,0.021158790341096405
factorial_0507,0.34742433,0.49763168127470925
factorial_0514,0.22552896,0.034373825490687314
factorial_0521,0.3132275,0.06669351861008105
factorial_0528,0.59706885,0.35679917088951546
factorial_0535,0.38482606,0.23318229305825028
factorial_0542,0.1406662,0.020029697955424575
factorial_0549,0.45034954,0.3453594530665888
factorial_0556,0.47175428,0.3055703474209844
factorial_0563,0.54023314,0.35224398743563645
factorial_0570,0.24812037,0.08743926350937951
factorial_0577,0.63650376,0.3491557913167749
factorial_0584,0.71970266,0.5497523788666954
factorial_0591,0.4858841,0.21312270007767134
factorial_0598,0.25648075,0.07939111761063398
factorial_0605,0.21480553,0.2138716641588329
factorial_0612,0.5341345,0.2513028803225128
factorial_0619,0.12465059,0.020807492547025803
factorial_0626,0.59455717,0.5509987697837394
factorial_0633,0.4285559,0.562644160684923
factorial_0640,0.18462889,0.0632823104864125
factorial_0647,0.20782018,0.22807859900852415
factorial_0654,0.47036606,0.8945797328443387
factorial_0661,0.85591245,0.9836073304383777
factorial_0668,0.6079191,0.871579702628115
factorial_0675,0.66389215,0.9441964608884595
factorial_0682,0.41502205,0.4949040356760358
factorial_0689,0.41331637,0.16943610755558472
factorial_0696,0.8467673,0.9762862676368328
factorial_0703,0.48656982,0.326204585024516
factorial_0710,0.38840377,0.33946323298277575
factorial_0717,0.64482737,0.3668432026274951
factorial_0724,0.065214776,0.06395291594264114
factorial_0731,0.33446273,0.12459140921773063
factorial_0738,0.4884587,0.3332948027800021
factorial_0745,0.3727848,0.0913829901425793
factorial_0752,0.9739106,0.9985048416496128
factorial_0759,0.5862783,0.8292196182431232
factorial_0766,0.6059071,0.6458644310536464
factorial_0773,0.48175782,0.24640321095003584
factorial_0780,0.259338,0.07875548486490858
factorial_0787,0.8025516,0.9482904844839862
factorial_0794,0.9427628,0.9966951582488047
factorial_0801,0.013649116,0.009828563022777754
factorial_0808,0.754093,0.8350963596373464
factorial_0815,0.4397057,0.548493620774971
factorial_0822,0.022045342,0.011544235175622357
factorial_0829,0.4473175,0.08280669518988153
factorial_0836,0.5488916,0.18127517709423538
factorial_0843,0.40631196,0.14821765026012457
factorial_0850,0.99918383,0.999675327658238
factorial_0857,0.98604256,0.9948207058220928
factorial_0864,0.9947561,0.9989662112385962
factorial_0871,0.98217577,0.9936148827307912
factorial_0878,0.44958138,0.15863234699708317
factorial_0885,0.5146741,0.6741912146660568
factorial_0892,0.94334704,0.9833957380913009
factorial_0899,0.52309525,0.3716861215332228
factorial_0906,0.27016026,0.09601873607498641
factorial_0913,0.27394465,0.05358256832887839
factorial_0920,0.15858999,0.02512294088244682
factorial_0927,0.49609292,0.27329360097724176
factorial_0934,0.13815053,0.030000190226547287
factorial_0941,0.18087856,0.03755545221105278
factorial_0948,0.23846258,0.0591545984481995
factorial_0955,0.4443264,0.5008337293559223
factorial_0962,0.3397936,0.20182315008574941
factorial_0969,0.53467274,0.16187400297993673
factorial_0976,0.27027488,0.052167410811611595
factorial_0983,0.24460131,0.03787694098618449
factorial_0990,0.6042858,0.9149728321835324
factorial_0997,0.49859622,0.37825143253781823
factorial_1004,0.14106016,0.08297393177027722
factorial_1011,0.48373002,0.41401256660495567
factorial_1018,0.26338127,0.08656637950843916
factorial_1025,0.16721478,0.10113647561565572
factorial_1032,0.21812287,0.4015300118434286
factorial_1039,0.21053894,0.14961633776255368
factorial_1046,0.1658945,0.15023794832378792
factorial_1053,0.5443074,0.648339389182834
factorial_1060,0.533545,0.8932089487462974
factorial_1067,0.6198889,0.7226228606367234
factorial_1074,0.85469365,0.9726456426526856
factorial_1081,0.78237677,0.9775737878743567
factorial_1088,0.47068352,0.2613918673355554
factorial_1095,0.7280983,0.95846584932593
factorial_1102,0.19494234,0.1365637412056331
factorial_1109,0.3306049,0.2156654120732248
factorial_1116,0.58499205,0.46495222956754545
factorial_1123,0.052481953,0.01644907081769075
factorial_1130,0.14084268,0.39714672332126444
factorial_1137,0.75902194,0.811866151646497
factorial_1144,0.42302904,0.36281860414902145
factorial_1151,0.8015487,0.9264723325292329
factorial_1158,0.90583634,0.9860695742271562
factorial_1165,0.7702358,0.992017966175178
factorial_1172,0.57297766,0.8046086218971861
factorial_1179,0.8433882,0.9750968776659862
factorial_1186,0.76255405,0.945519249519387
factorial_1193,0.9195361,0.98375279834927
factorial_0004,0.021738075,0.007859598675009474
factorial_0011,0.2696617,0.04104659914332435
factorial_0018,0.87234116,0.941628976838107
factorial_0025,0.26667765,0.1512090105189167
factorial_0032,0.37457886,0.09757262150600657
factorial_0039,0.35927624,0.1828533139508567
factorial_0046,0.40149283,0.5398449876001056
factorial_0053,0.07480125,0.010450248482865224
factorial_0060,0.95634013,0.9894901039337932
factorial_0067,0.7066299,0.8198567625571446
factorial_0074,0.87779623,0.9907122761069694
factorial_0081,0.33546516,0.4324112070654354
factorial_0088,0.39380327,0.12454850085282299
factorial_0095,0.4949822,0.18615507473460896
factorial_0102,0.43770036,0.19195571776242937
factorial_0109,0.17607066,0.02328891602763867
factorial_0116,0.27696234,0.05983839416281677
factorial_0123,0.09875033,0.011313670349448348
factorial_0130,0.2903171,0.08436445357257479
factorial_0137,0.29197195,0.0825749082748624
factorial_0144,0.39627016,0.23814149520434869
factorial_0151,0.39620015,0.06363913784727607
factorial_0158,0.630611,0.5629899957373397
factorial_0165,0.5710948,0.33076559664734084
factorial_0172,0.50365734,0.8798321388068622
factorial_0179,0.9624278,0.9969198933000666
factorial_0186,0.448356,0.49538772800778896
factorial_0193,0.23250626,0.038178024026093715
factorial_0200,0.26403517,0.14700991115394155
factorial_0207,0.13904586,0.05355421189476367
factorial_0214,0.2991071,0.059084348625757295
factorial_0221,0.29545268,0.056244457210825355
factorial_0228,0.41280878,0.4386039495018739
factorial_0235,0.115021475,0.18031752234777867
factorial_0242,0.411072,0.3172854882394713
factorial_0249,0.47576863,0.24699963957716298
factorial_0256,0.16190886,0.015087848970579095
factorial_0263,0.5202893,0.9564608584956004
factorial_0270,0.28947565,0.2035174494089728
factorial_0277,0.46169224,0.6928170683408317
factorial_0284,0.6245274,0.8935714791487673
factorial_0291,0.28216583,0.13480394818467062
factorial_0298,0.5046886,0.5917100849982416
factorial_0305,0.21653059,0.06330842649571161
factorial_0312,0.23311272,0.042209957452926786
factorial_0319,0.28986374,0.11395514405433785
factorial_0326,0.22618763,0.12936628401844544
factorial_0333,0.2643407,0.4967321872462707
factorial_0340,0.20745671,0.04170727656026757
factorial_0347,0.2744346,0.3353781500760838
factorial_0354,0.39279425,0.3448824168522747
factorial_0361,0.5817517,0.5103536066562978
factorial_0368,0.5295634,0.9412652380395536
factorial_0375,0.55604357,0.4848435298096647
factorial_0382,0.97686255,0.9983360072097825
factorial_0389,0.98950267,0.9990343309687553
factorial_0396,0.66151404,0.9475976220389379
factorial_0403,0.021427741,0.005252260109153754
factorial_0410,0.32171845,0.2534651607427663
factorial_0417,0.46660128,0.2777539317182374
factorial_0424,0.7302088,0.5375218732539718
factorial_0431,0.254994,0.13869301801694775
factorial_0438,0.39293715,0.23449565329314465
factorial_0445,0.4960545,0.26356141674655875
factorial_0452,0.98743445,0.9942384921571242
factorial_0459,0.9732563,0.9911386686240391
factorial_0466,0.967698,0.9894691963622334
factorial_0473,0.92151487,0.9340182300478108
factorial_0480,0.15385818,0.32414706826607775
factorial_0487,0.5073164,0.5207473431519937
factorial_0494,0.5897311,0.3080433292545899
factorial_0501,0.2549417,0.059279241049591605
factorial_0508,0.57836443,0.26028796379410857
factorial_0515,0.41185912,0.1917744246289555
factorial_0522,0.16804962,0.16378819514766466
factorial_0529,0.233174,0.1588242929983884
factorial_0536,0.55427635,0.3740376639278144
factorial_0543,0.25461313,0.07716813516754695
factorial_0550,0.39516035,0.07235755632439819
factorial_0557,0.3054064,0.18550579165349118
factorial_0564,0.53399515,0.17287522921087
factorial_0571,0.5464354,0.7098053430158467
factorial_0578,0.40075138,0.18712643497031023
factorial_0585,0.46042225,0.12081989538978594
factorial_0592,0.23654242,0.06659557438360861
factorial_0599,0.5329068,0.1760278158463606
factorial_0606,0.5829796,0.43803142005157
factorial_0613,0.22080347,0.12671283956422766
factorial_0620,0.23997626,0.04246403530215327
factorial_0627,0.66274554,0.9509804978475928
factorial_0634,0.574201,0.21999445293369368
factorial_0641,0.43810543,0.10542815987701397
factorial_0648,0.33470607,0.08679241856646101
factorial_0655,0.3207323,0.5001975826283047
factorial_0662,0.72065616,0.9766055875973748
factorial_0669,0.48201904,0.4670108704151488
factorial_0676,0.7073672,0.7750931127699896
factorial_0683,0.8722342,0.9916174006360704
factorial_0690,0.5633631,0.5815361875369476
factorial_0697,0.19160807,0.08906310723841353
factorial_0704,0.13271074,0.023985253113078656
factorial_0711,0.44624633,0.48008941554613255
factorial_0718,0.11608782,0.1540948270130954
factorial_0725,0.45901746,0.7066632816536519
factorial_0732,0.52501976,0.676849726693084
factorial_0739,0.2404666,0.1684879585791991
factorial_0746,0.45825624,0.37902473325705716
factorial_0753,0.8540365,0.9420509928494267
factorial_0760,0.54627794,0.5468475428640268
factorial_0767,0.14246565,0.043534500447050054
factorial_0774,0.8048718,0.978594358956367
factorial_0781,0.41985887,0.4650290426400204
factorial_0788,0.7768988,0.9420809502907027
factorial_0795,0.87309206,0.9920613708046003
factorial_0802,0.15568314,0.01842180346843436
factorial_0809,0.28669366,0.15021000190154968
factorial_0816,0.35633585,0.41681991132127966
factorial_0823,0.040362936,0.0053176642199508845
factorial_0830,0.22551239,0.04244390428516739
factorial_0837,0.32045665,0.07714376257816578
factorial_0844,0.3592512,0.1538725297444357
factorial_0851,0.9912765,0.9956974728054412
factorial_0858,0.65708435,0.7701542379793265
factorial_0865,0.98114693,0.987545205562545
factorial_0872,0.9994698,0.9997700201620003
factorial_0879,0.37446076,0.15494155526391
factorial_0886,0.41501704,0.6335779174361398
factorial_0893,0.35227817,0.20279553038373554
factorial_0900,0.41097823,0.12716473396512756
factorial_0907,0.06306331,0.008784531176268429
factorial_0914,0.25410044,0.07785463834638577
factorial_0921,0.7465132,0.8991487115433938
factorial_0928,0.26171052,0.21753781843581152
factorial_0935,0.3590128,0.20335724881513553
factorial_0942,0.5567539,0.2823550977687022
factorial_0949,0.39841175,0.14135600343796242
factorial_0956,0.28514925,0.12450858484666844
factorial_0963,0.40563256,0.5512631963639997
factorial_0970,0.26435715,0.05328101365820973
factorial_0977,0.4072156,0.7336291363321354
factorial_0984,0.76624984,0.82273329796059
factorial_0991,0.39558575,0.31756433633492614
factorial_0998,0.4098635,0.08911539832606227
factorial_1005,0.2000673,0.07401773377633407
factorial_1012,0.12714615,0.34243547561246224
factorial_1019,0.2238681,0.2468606729517312
factorial_1026,0.096621245,0.08989781072134408
factorial_1033,0.22066462,0.22729465913419958
factorial_1040,0.4625399,0.5570223274956042
factorial_1047,0.44479418,0.35884416886100257
factorial_1054,0.57208216,0.27790864028204293
factorial_1061,0.85349804,0.9852338580040957
factorial_1068,0.78515184,0.9821306267385473
factorial_1075,0.8011769,0.9844520946323876
factorial_1082,0.8873121,0.9806149102710771
factorial_1089,0.89947855,0.9929284934906787
factorial_1096,0.5673716,0.9168162154582107
factorial_1103,0.12153224,0.12971222961523404
factorial_1110,0.07556492,0.05678087575517328
factorial_1117,0.15515271,0.0625704484236102
factorial_1124,0.1892798,0.1009802345926043
factorial_1131,0.3029459,0.22699561802489965
factorial_1138,0.108416416,0.041142015109730694
factorial_1145,0.16297553,0.15489838954950338
factorial_1152,0.5830814,0.8726038739966805
factorial_1159,0.6815731,0.9281196260138443
factorial_1166,0.75873965,0.9779024865913946
factorial_1173,0.8585329,0.9665843394417071
factorial_1180,0.38919488,0.32927816129155263
factorial_1187,0.6779495,0.6464488133417947
factorial_1194,0.78683424,0.9890227443534371
factorial_0005,0.10947171,0.043178309782476935
factorial_0012,0.5740206,0.7524774449089683
factorial_0019,0.076412305,0.024876379772705022
factorial_0026,0.4334723,0.15149949017593067
factorial_0033,0.28322902,0.14996072439961042
factorial_0040,0.69424695,0.7632517835215712
factorial_0047,0.4843777,0.15759732632810164
factorial_0054,0.9940911,0.997567616839896
factorial_0061,0.42142132,0.4199672674518982
factorial_0068,0.9242032,0.9580888230529846
factorial_0075,0.81439966,0.9532903593923088
factorial_0082,0.3657331,0.37995546773147165
factorial_0089,0.62600106,0.34564331462146014
factorial_0096,0.6320331,0.7956611536136197
factorial_0103,0.1169465,0.024274705030937947
factorial_0110,0.14882185,0.016461864153905503
factorial_0117,0.26166293,0.07957938266245182
factorial_0124,0.43515995,0.11399267193707158
factorial_0131,0.43363488,0.1295484038979725
factorial_0138,0.4538555,0.42675027726469783
factorial_0145,0.66585034,0.7735906262938042
factorial_0152,0.27834854,0.055434734790556835
factorial_0159,0.74980915,0.7929965282734783
factorial_0166,0.52198786,0.1843814683274887
factorial_0173,0.3305817,0.11816577770038639
factorial_0180,0.5857365,0.6815609116334267
factorial_0187,0.44523954,0.3888152850679483
factorial_0194,0.358358,0.11900775194916653
factorial_0201,0.2025498,0.08638410584455715
factorial_0208,0.23452435,0.10310008012125889
factorial_0215,0.37085584,0.3435700047395829
factorial_0222,0.5821934,0.3946026146344758
factorial_0229,0.46629968,0.27708315762175617
factorial_0236,0.2377411,0.03899796380746053
factorial_0243,0.3341034,0.0844447254252639
factorial_0250,0.5420221,0.8528892816433208
factorial_0257,0.836148,0.9797082820907734
factorial_0264,0.46108106,0.7241866627576293
factorial_0271,0.31727988,0.15315847733430843
factorial_0278,0.598452,0.9297533435035038
factorial_0285,0.29827097,0.43218817280677413
factorial_0292,0.4500924,0.14996285081668698
factorial_0299,0.46707755,0.7565996764657535
factorial_0306,0.16534586,0.058278698305415044
factorial_0313,0.20343345,0.46651847348899284
factorial_0320,0.14997788,0.029826493476021388
factorial_0327,0.44680887,0.43984221502918214
factorial_0334,0.26346228,0.14519217777695662
factorial_0341,0.18286651,0.05434040373559244
factorial_0348,0.28799838,0.2516121149202709
factorial_0355,0.92494017,0.9858962754182846
factorial_0362,0.33857766,0.8383322430884326
factorial_0369,0.41490877,0.6443776875663754
factorial_0376,0.8527121,0.9816609277799329
factorial_0383,0.78144354,0.9582225322880074
factorial_0390,0.689662,0.9597663238696438
factorial_0397,0.37097505,0.3326833289409889
factorial_0404,0.2246505,0.04309182684886827
factorial_0411,0.43111968,0.26610734258899044
factorial_0418,0.013276224,0.004078257062430337
factorial_0425,0.3627729,0.054147236445923834
factorial_0432,0.4341287,0.12032828766725227
factorial_0439,0.48231164,0.14265059757621823
factorial_0446,0.42942166,0.13758034942815311
factorial_0453,0.97583324,0.9931222616682223
factorial_0460,0.99883145,0.9996834547848719
factorial_0467,0.85020554,0.9775591435792553
factorial_0474,0.99141955,0.998181100534249
factorial_0481,0.34892112,0.37004479857426403
factorial_0488,0.30461186,0.08121916076261683
factorial_0495,0.47214895,0.40657381915087576
factorial_0502,0.041200247,0.006305453869505308
factorial_0509,0.19025545,0.023772701995200672
factorial_0516,0.5344634,0.40641113265006146
factorial_0523,0.07455552,0.012946971675646601
factorial_0530,0.09331177,0.017881155871830853
factorial_0537,0.28994575,0.13103221790593428
factorial_0544,0.37767822,0.3392955314329767
factorial_0551,0.39841223,0.2983239651616702
factorial_0558,0.36548045,0.09270286419519558
factorial_0565,0.16935085,0.03487379666741597
factorial_0572,0.25308302,0.15061289938724434
factorial_0579,0.3127831,0.07663991838287833
factorial_0586,0.14948039,0.013895654626587865
factorial_0593,0.26103356,0.055879748399261873
factorial_0600,0.5986904,0.6384036028947875
factorial_0607,0.15703738,0.09785525755095938
factorial_0614,0.37209523,0.14881658003526185
factorial_0621,0.48783842,0.369325746939923
factorial_0628,0.158064,0.049265637882181426
factorial_0635,0.3808502,0.135440910496912
factorial_0642,0.26735222,0.27846420219043155
factorial_0649,0.20267959,0.20898801235596667
factorial_0656,0.6236159,0.6482173112809863
factorial_0663,0.5965581,0.8387368053945976
factorial_0670,0.13791688,0.06179176743348962
factorial_0677,0.76007986,0.9807952947467319
factorial_0684,0.4194136,0.13219394952029093
factorial_0691,0.38642094,0.5413747012685873
factorial_0698,0.38427663,0.13620926979866238
factorial_0705,0.4394064,0.4546127822027086
factorial_0712,0.27690884,0.06404566097342543
factorial_0719,0.16506286,0.2788279177279047
factorial_0726,0.56325555,0.7508446069786638
factorial_0733,0.4006468,0.21072472599302905
factorial_0740,0.2627203,0.14731202289727102
factorial_0747,0.44936937,0.27021930560288987
factorial_0754,0.9750661,0.9968221745812605
factorial_0761,0.1341304,0.10420380259601991
factorial_0768,0.7655917,0.9235611584710997
factorial_0775,0.66189224,0.9389363900012847
factorial_0782,0.9517547,0.9926052431158852
factorial_0789,0.62128174,0.9165148440840638
factorial_0796,0.88364017,0.9933692172019307
factorial_0803,0.038822476,0.013572911080913451
factorial_0810,0.07417282,0.01054428547321919
factorial_0817,0.005775001,0.0018605930502625528
factorial_0824,0.01148173,0.008332061388188613
factorial_0831,0.38848305,0.2577060947621008
factorial_0838,0.45588976,0.18848700965930346
factorial_0845,0.2834698,0.49730520975797965
factorial_0852,0.66093427,0.45370155134920565
factorial_0859,0.99027926,0.994850302384897
factorial_0866,0.9866328,0.9933973416431181
factorial_0873,0.92162484,0.9443043366963905
factorial_0880,0.14974062,0.022485897222819115
factorial_0887,0.671108,0.6896332157563545
factorial_0894,0.6758324,0.819815482516701
factorial_0901,0.30107743,0.03764240811668299
factorial_0908,0.5944642,0.6320525526302643
factorial_0915,0.42562273,0.3196319342389875
factorial_0922,0.07847751,0.01018983924490332
factorial_0929,0.47677353,0.08393511669901613
factorial_0936,0.44157365,0.5403507194115094
factorial_0943,0.577989,0.36631511634644465
factorial_0950,0.25810242,0.05242234684367985
factorial_0957,0.3982384,0.25445205156051204
factorial_0964,0.5759612,0.43670546331877363
factorial_0971,0.15196776,0.03125382768887435
factorial_0978,0.44142863,0.26422895876228875
factorial_0985,0.6869927,0.8521484177274676
factorial_0992,0.4652083,0.49075028762502215
factorial_0999,0.23626538,0.05497603062650191
factorial_1006,0.23362182,0.08770805630573046
factorial_1013,0.24902844,0.059816918921812574
factorial_1020,0.44265202,0.3760655365836192
factorial_1027,0.65097326,0.6039228901293651
factorial_1034,0.13586596,0.1856783261379228
factorial_1041,0.18768081,0.19719350347186412
factorial_1048,0.43414387,0.11160708484216877
factorial_1055,0.737723,0.927801324365879
factorial_1062,0.7098662,0.5506478708227293
factorial_1069,0.4062161,0.3388168443808882
factorial_1076,0.7117258,0.847004354521927
factorial_1083,0.6207795,0.949818937370586
factorial_1090,0.8136249,0.9920417658020607
factorial_1097,0.44489008,0.7611582713153371
factorial_1104,0.17112151,0.1530721166586588
factorial_1111,0.32776752,0.1386835673041235
factorial_1118,0.4156865,0.25626186159313136
factorial_1125,0.119933695,0.04130087239095085
factorial_1132,0.15253873,0.24588589057342894
factorial_1139,0.046035234,0.009565152629954127
factorial_1146,0.4807741,0.3562545048459491
factorial_1153,0.7460501,0.9442936186806528
factorial_1160,0.962085,0.9977053426340025
factorial_1167,0.441411,0.3101069579474682
factorial_1174,0.96246433,0.9940822685570896
factorial_1181,0.67094886,0.7917383493477974
factorial_1188,0.6506955,0.9017122398430825
factorial_1195,0.18599829,0.09128417486210237
factorial_0006,0.22188567,0.0765118320619506
factorial_0013,0.015909415,0.0037088344932304884
factorial_0020,0.25504404,0.03364028287152287
factorial_0027,0.42120722,0.10029359205401377
factorial_0034,0.3481337,0.4372010148383235
factorial_0041,0.3790527,0.36577030266473914
factorial_0048,0.3256365,0.13186880356283753
factorial_0055,0.4588124,0.8031063534347024
factorial_0062,0.9612914,0.9868692615223443
factorial_0069,0.9132024,0.9626231845472468
factorial_0076,0.38865447,0.2125373156058015
factorial_0083,0.49694803,0.16313525474316293
factorial_0090,0.53663677,0.6906795402678985
factorial_0097,0.39790154,0.20034259232126847
factorial_0104,0.3874945,0.23733043792730737
factorial_0111,0.55320704,0.46860468369592756
factorial_0118,0.5205885,0.20000756660207566
factorial_0125,0.29112443,0.05306325160106551
factorial_0132,0.57241035,0.4668893823634164
factorial_0139,0.53046554,0.246801781268025
factorial_0146,0.07005941,0.00824791546669334
factorial_0153,0.45594844,0.06979874237600088
factorial_0160,0.27872834,0.06538917154355182
factorial_0167,0.39702156,0.16135443511608843
factorial_0174,0.33016205,0.09498466052080905
factorial_0181,0.12333907,0.015084571749607959
factorial_0188,0.6368132,0.694158170034496
factorial_0195,0.48288512,0.09297259195936204
factorial_0202,0.4899977,0.19618746320320807
factorial_0209,0.3239729,0.10348135053021673
factorial_0216,0.49999547,0.44739910973462427
factorial_0223,0.08839855,0.2978175102149354
factorial_0230,0.24070622,0.12996301964391044
factorial_0237,0.26834312,0.26021517793034493
factorial_0244,0.3493034,0.13355019484861788
factorial_0251,0.8547175,0.9915644259207002
factorial_0258,0.77727216,0.9553047923692591
factorial_0265,0.9661506,0.9980712239238875
factorial_0272,0.5937731,0.9228252366047023
factorial_0279,0.78856003,0.9751175854252404
factorial_0286,0.12556809,0.42261526322657267
factorial_0293,0.6245614,0.9286168443083589
factorial_0300,0.59675616,0.5391549138594871
factorial_0307,0.2744247,0.10781957206665344
factorial_0314,0.14648488,0.1599071846130974
factorial_0321,0.08750714,0.05301741780988175
factorial_0328,0.29424402,0.19479410123410987
factorial_0335,0.26703796,0.6683962040238076
factorial_0342,0.28202608,0.05712010239094904
factorial_0349,0.15650578,0.3677923407769109
factorial_0356,0.62032694,0.8341168522794757
factorial_0363,0.7368968,0.7897960900703963
factorial_0370,0.57808584,0.931818431033226
factorial_0377,0.9827681,0.9985789644478881
factorial_0384,0.7875538,0.9691071617855239
factorial_0391,0.90415657,0.9884136092777568
factorial_0398,0.6732713,0.8842541362234905
factorial_0405,0.23089974,0.14725905401358508
factorial_0412,0.034536775,0.006657458382487828
factorial_0419,0.010550599,0.0017760307885651054
factorial_0426,0.30043116,0.12201681853506778
factorial_0433,0.4398811,0.10817989569442912
factorial_0440,0.22144744,0.03263428131507852
factorial_0447,0.47894436,0.12800419677156316
factorial_0454,0.46266475,0.18245585111000168
factorial_0461,0.5051345,0.4750005280127376
factorial_0468,0.95858806,0.9868025982304485
factorial_0475,0.34613445,0.42672946989983723
factorial_0482,0.2777543,0.16690555843195318
factorial_0489,0.6568526,0.9120307734096317
factorial_0496,0.53395253,0.35374931814072724
factorial_0503,0.2888903,0.07583442294091472
factorial_0510,0.4051516,0.09646078613407386
factorial_0517,0.2711838,0.04811859054608713
factorial_0524,0.13385074,0.022933837631544114
factorial_0531,0.27310246,0.04556601389818572
factorial_0538,0.11206336,0.027072940219556026
factorial_0545,0.2429461,0.036409047708924065
factorial_0552,0.3720356,0.07489960426305793
factorial_0559,0.16757582,0.023246769803188367
factorial_0566,0.59060204,0.24919700405809264
factorial_0573,0.6309111,0.8402069159681859
factorial_0580,0.4021954,0.08514487127171105
factorial_0587,0.7305896,0.8817930500964813
factorial_0594,0.50455844,0.5824229620033449
factorial_0601,0.23964395,0.06728712958408985
factorial_0608,0.5995818,0.5723171483765674
factorial_0615,0.21260637,0.1970906348309815
factorial_0622,0.514226,0.3985730166756952
factorial_0629,0.26740834,0.0627345914089729
factorial_0636,0.37030625,0.1173993851538992
factorial_0643,0.08401032,0.24198578758554215
factorial_0650,0.26179102,0.17500074797759485
factorial_0657,0.9282603,0.9858380785717498
factorial_0664,0.49327472,0.5675916648955984
factorial_0671,0.8201269,0.9902183381573411
factorial_0678,0.83489436,0.9863500209031525
factorial_0685,0.6183394,0.8016658501973155
factorial_0692,0.81085587,0.9790291310699668
factorial_0699,0.86837727,0.974601605607464
factorial_0706,0.08550028,0.018468288875395818
factorial_0713,0.28372443,0.16740937536865147
factorial_0720,0.317133,0.42605148365980383
factorial_0727,0.274703,0.13225067256220108
factorial_0734,0.23089804,0.10695347238053873
factorial_0741,0.7946059,0.9663259193282344
factorial_0748,0.2885248,0.1629619396333786
factorial_0755,0.33970475,0.23142957914750872
factorial_0762,0.6473912,0.5112809136691973
factorial_0769,0.7769261,0.7104773483017532
factorial_0776,0.8876718,0.9905382495362635
factorial_0783,0.6120001,0.7792546653486522
factorial_0790,0.93626505,0.9954802012023068
factorial_0797,0.9565396,0.99725592641506
factorial_0804,0.11174107,0.01286624692210455
factorial_0811,0.7777439,0.8590670246779583
factorial_0818,0.0346606,0.0038939461186845927
factorial_0825,0.5454766,0.6745636689951922
factorial_0832,0.7218096,0.6112190069365502
factorial_0839,0.41602176,0.07669079891334664
factorial_0846,0.7348398,0.6076115928767287
factorial_0853,0.99304396,0.9986786672660619
factorial_0860,0.9866328,0.9933973416431181
factorial_0867,0.9563499,0.9862903260503816
factorial_0874,0.8214106,0.8254290106438615
factorial_0881,0.8480849,0.9535857957090393
factorial_0888,0.5078318,0.15152102958614097
factorial_0895,0.35221848,0.2701284946878261
factorial_0902,0.29371879,0.13639816153216763
factorial_0909,0.54851484,0.3831607067589001
factorial_0916,0.030635312,0.005206934496230062
factorial_0923,0.50735927,0.20658037076279082
factorial_0930,0.4397314,0.1529762463542178
factorial_0937,0.37686616,0.10871762340349053
factorial_0944,0.26880974,0.07509360682774904
factorial_0951,0.36965573,0.05750575175430851
factorial_0958,0.4008347,0.4952112563148891
factorial_0965,0.2582103,0.0550546033862011
factorial_0972,0.35861924,0.29823350962196254
factorial_0979,0.64454526,0.5195934372095536
factorial_0986,0.45365056,0.10015163934608537
factorial_0993,0.59460455,0.4247414364707623
factorial_1000,0.27897963,0.16026767787748847
factorial_1007,0.47152612,0.25229154711857277
factorial_1014,0.39049816,0.40877404262923045
factorial_1021,0.08892538,0.039534877334775516
factorial_1028,0.26766512,0.07634073581170359
factorial_1035,0.5103481,0.3433151181102113
factorial_1042,0.11509279,0.06248795059092837
factorial_1049,0.14865671,0.049324488944066346
factorial_1056,0.6640484,0.6061554403977525
factorial_1063,0.3725688,0.20020184761919727
factorial_1070,0.69452745,0.9637286353300599
factorial_1077,0.74760765,0.9289787687022221
factorial_1084,0.19848911,0.07291208590599926
factorial_1091,0.84418017,0.9929831735705283
factorial_1098,0.72992873,0.8405573114072049
factorial_1105,0.2368804,0.0910919780728453
factorial_1112,0.3031472,0.06697935443384156
factorial_1119,0.1084527,0.03953216572421643
factorial_1126,0.5454798,0.45743585169669176
factorial_1133,0.14198919,0.12538184615743328
factorial_1140,0.2743777,0.22815613480752966
factorial_1147,0.36525294,0.14468362835952836
factorial_1154,0.54534566,0.9346207630755463
factorial_1161,0.96341485,0.9975040703874812
factorial_1168,0.88716584,0.9746843497509585
factorial_1175,0.9638057,0.9985169276488457
factorial_1182,0.6045326,0.5412084671121414
factorial_1189,0.96048015,0.9971575832504286
factorial_1196,0.09907699,0.02767804735915938
