BASE_ID,FILE_FAKE,VOICE_FAKE,MUSIC_FAKE,VOICE_PRESENT,MUSIC_PRESENT,AUDIO_TYPE,MIX_MODE,COMPONENT_CASE,EVAL_CELL,VOICE_SOURCE_KIND,VOICE_SOURCE_ID,VOICE_SPEAKER,VOICE_CONTENT_ID,VOICE_REFERENCE_ID,VOICE_REFERENCE_SPEAKER,VOICE_GENERATOR,VOICE_ARCHIVE_ID,VOICE_ARCHIVE_MEMBER,VOICE_PARQUET_SHARD,REPLAY_PLAYER,REPLAY_RECORDER,REPLAY_DISTANCE,MUSIC_SOURCE_KIND,MUSIC_SOURCE_ID,MUSIC_GROUP_ID,MUSIC_GENERATOR,MUSIC_PLATFORM,MUSIC_ARCHIVE_ID,MUSIC_ARCHIVE_MEMBER,SONICS_ORIGINAL_ARCHIVE_MEMBER,MUSIC_VOCAL_SCREEN,SNR_DB,OVERLAP_FRACTION,ORDER,GAP_SECONDS,SOURCE_DATASET,PROVENANCE_MODE
atbv91_0000,0,0,,1,0,voice,voice_only,voice_real,voice_only__voice_real,echofake_real,echofake:EF_O_01266,2870ef921dc576582eec59b3d77fb97a57db3ae0118a38697842e3d6bde61fcc85d17a16e67bc893f299d78c69f1ad71238474580cddb159d35a1f215fb4da2b,common_voice_en_21314025.mp3,,,bonafide,EF_O_01266,echofake_voice/EF_O_01266.flac,open_set_eval-00000-of-00003.parquet,,,,,,,,,,,,not_applicable_voice_only_v9,,0.0,voice_first,0.0,EchoFake_replay+MixFake_FMC_FMA_SONICS,all_prior_truth_speaker_song_source_and_render_hash_disjoint
atbv91_0001,0,0,,1,0,voice,voice_only,voice_real,voice_only__voice_real,echofake_real,echofake:EF_O_03418,d0c4ff6121bfdbbf162900de8e68c2f5ea1e1d08391e4928e9f2febf82869a5aae10cb3e9d3f6b77487aad40da413e27ebf451dd980c01937dd7476c01df330a,common_voice_en_18718584.mp3,,,bonafide,EF_O_03418,echofake_voice/EF_O_03418.flac,open_set_eval-00000-of-00003.parquet,,,,,,,,,,,,not_applicable_voice_only_v9,,0.0,music_first,0.0,EchoFake_replay+MixFake_FMC_FMA_SONICS,all_prior_truth_speaker_song_source_and_render_hash_disjoint
atbv91_0002,0,0,,1,0,voice,voice_only,voice_real,voice_only__voice_real,echofake_real,echofake:EF_O_04946,fea45a794e9acdccc08136471f8f72a6843f14e7d15943bfe8324464af424d1a69927d4814a259dcb9237369cdb3a701af28472dbead087d05302d5c37e84e11,common_voice_en_20303482.mp3,,,bonafide,EF_O_04946,echofake_voice/EF_O_04946.flac,open_set_eval-00000-of-00003.parquet,,,,,,,,,,,,not_applicable_voice_only_v9,,0.0,voice_first,0.0,EchoFake_replay+MixFake_FMC_FMA_SONICS,all_prior_truth_speaker_song_source_and_render_hash_disjoint
atbv91_0003,0,0,,1,0,voice,voice_only,voice_real,voice_only__voice_real,echofake_real,echofake:EF_O_03477,5824eaa9cb7282e7e539b9a5ec586529f30e570d22e5c5fdb3ddec100d66b061ae6621e90395c4bf01bbca520c4988a9e589f8696e37c0d6500db4554eb285a6,common_voice_en_23954492.mp3,,,bonafide,EF_O_03477,echofake_voice/EF_O_03477.flac,open_set_eval-00000-of-00003.parquet,,,,,,,,,,,,not_applicable_voice_only_v9,,0.0,music_first,0.0,EchoFake_replay+MixFake_FMC_FMA_SONICS,all_prior_truth_speaker_song_source_and_render_hash_disjoint
atbv91_0004,0,0,,1,0,voice,voice_only,voice_real,voice_only__voice_real,echofake_real,echofake:EF_O_03053,6eed81f7feb81e2a32ce4a0f0ff8d4127b1481831a06c353b6855d8cb54fe08c8a54073f78874c8e5799fa5a63a620f3cc61e245cbdfe0ad6bdad4899bf5773a,common_voice_en_25168660.mp3,,,bonafide,EF_O_03053,echofake_voice/EF_O_03053.flac,open_set_eval-00000-of-00003.parquet,,,,,,,,,,,,not_applicable_voice_only_v9,,0.0,voice_first,0.0,EchoFake_replay+MixFake_FMC_FMA_SONICS,all_prior_truth_speaker_song_source_and_render_hash_disjoint
atbv91_0005,0,0,,1,0,voice,voice_only,voice_real,voice_only__voice_real,echofake_real,echofake:EF_O_03593,789f8603091181923ec6b33cb89c9d47d719adc6c3495aac4d9d70d9e058bcba47722290283fdde2b400d70c8c9d49d66a6e6e0571caa221cd0e93a3f9939937,common_voice_en_21465201.mp3,,,bonafide,EF_O_03593,echofake_voice/EF_O_03593.flac,open_set_eval-00000-of-00003.parquet,,,,,,,,,,,,not_applicable_voice_only_v9,,0.0,voice_first,0.0,EchoFake_replay+MixFake_FMC_FMA_SONICS,all_prior_truth_speaker_song_source_and_render_hash_disjoint
atbv91_0006,0,0,,1,0,voice,voice_only,voice_real,voice_only__voice_real,echofake_real,echofake:EF_O_02813,bc62098251e2964a1805e7b85087174f5a398602d385100b3d99304f67494d9833e01c4e816e21ca6b7c904bd07896b47c8ca067a1a542e5ce79feeb346b33b6,common_voice_en_21269295.mp3,,,bonafide,EF_O_02813,echofake_voice/EF_O_02813.flac,open_set_eval-00000-of-00003.parquet,,,,,,,,,,,,not_applicable_voice_only_v9,,0.0,voice_first,0.0,EchoFake_replay+MixFake_FMC_FMA_SONICS,all_prior_truth_speaker_song_source_and_render_hash_disjoint
atbv91_0007,0,0,,1,0,voice,voice_only,voice_real,voice_only__voice_real,echofake_real,echofake:EF_O_04389,d6f7bd374ed9ce865ee7f275153a8008fc5c65a367f087251902e360cbc29e108842ef2c3821b27730b3e51cb80d41f093868405056215b7d147373751755944,common_voice_en_31450455.mp3,,,bonafide,EF_O_04389,echofake_voice/EF_O_04389.flac,open_set_eval-00000-of-00003.parquet,,,,,,,,,,,,not_applicable_voice_only_v9,,0.0,voice_first,0.0,EchoFake_replay+MixFake_FMC_FMA_SONICS,all_prior_truth_speaker_song_source_and_render_hash_disjoint
atbv91_0008,0,0,,1,0,voice,voice_only,voice_real,voice_only__voice_real,echofake_real,echofake:EF_O_03653,42fe68bd6d7ae31257b6b057e80b8dec1b3ef37e6d94f3f7d906c3e65a1775ed21ccfde5c79dd60f416ce5c6edce2b7d68576f9bea2845bb3e0f5ad3ee8425f8,common_voice_en_27881140.mp3,,,bonafide,EF_O_03653,echofake_voice/EF_O_03653.flac,open_set_eval-00000-of-00003.parquet,,,,,,,,,,,,not_applicable_voice_only_v9,,0.0,music_first,0.0,EchoFake_replay+MixFake_FMC_FMA_SONICS,all_prior_truth_speaker_song_source_and_render_hash_disjoint
atbv91_0009,0,0,,1,0,voice,voice_only,voice_real,voice_only__voice_real,echofake_real,echofake:EF_O_01840,2a14767556fc7518ae36429fbcfa248582c5d777728b13feea198adbb453faaf4e99d1378741d32a245d47e9b81317f93e7d1a9901a59e6e07f51e807667fd0a,common_voice_en_27314729.mp3,,,bonafide,EF_O_01840,echofake_voice/EF_O_01840.flac,open_set_eval-00000-of-00003.parquet,,,,,,,,,,,,not_applicable_voice_only_v9,,0.0,voice_first,0.0,EchoFake_replay+MixFake_FMC_FMA_SONICS,all_prior_truth_speaker_song_source_and_render_hash_disjoint
atbv91_0010,0,0,,1,0,voice,voice_only,voice_real,voice_only__voice_real,echofake_real,echofake:EF_O_04113,872a113e05619c121443981500578cc9b3d1942205c2ab04ef8c113eed9f75f36c7da1ccf08b3e43252860d3a0229f029bb30fe1409cd63e0ef0d7ed1468e1c3,common_voice_en_75436.mp3,,,bonafide,EF_O_04113,echofake_voice/EF_O_04113.flac,open_set_eval-00000-of-00003.parquet,,,,,,,,,,,,not_applicable_voice_only_v9,,0.0,music_first,0.0,EchoFake_replay+MixFake_FMC_FMA_SONICS,all_prior_truth_speaker_song_source_and_render_hash_disjoint
atbv91_0011,0,0,,1,0,voice,voice_only,voice_real,voice_only__voice_real,echofake_real,echofake:EF_O_04679,ed7bc388e31e57fda9e2493d0297ff1834bc81afa1faae955e91d18b58e81a2ce45d9859d58b3422759550e1abda12a4b3d1b47fdff9f9647e46ba8c26c14ddc,common_voice_en_28713421.mp3,,,bonafide,EF_O_04679,echofake_voice/EF_O_04679.flac,open_set_eval-00000-of-00003.parquet,,,,,,,,,,,,not_applicable_voice_only_v9,,0.0,voice_first,0.0,EchoFake_replay+MixFake_FMC_FMA_SONICS,all_prior_truth_speaker_song_source_and_render_hash_disjoint
atbv91_0012,1,1,,1,0,voice,voice_only,voice_fake,voice_only__voice_fake,echofake_replay,echofake:EF_O_24982,48431a44c4a811c9cca95ce16d7d774a077575d02d0783f9de0aaccba690dc6a20e9d19f26fabdbf5edec96de08020a7eb50e224e67d655a757b984b8caa1848,common_voice_en_23274240.mp3,common_voice_en_23274240.mp3,4fa8a461efce3c04d90515450f1c28ecbc425533c2393d23d398d8d8087c667f291a47dcb16d56b1d5257e5080f69b30f912335dde217987641c2d5e655a600a,replay:CosyVoice2,EF_O_24982,echofake_voice/EF_O_24982.flac,open_set_eval-00002-of-00003.parquet,Edifier MR4 Powered Studio Monitor Speakers,MacBook Pro 14-inch 2021,30cm,,,,,,,,,not_applicable_voice_only_v9,,0.0,music_first,0.0,EchoFake_replay+MixFake_FMC_FMA_SONICS,all_prior_truth_speaker_song_source_and_render_hash_disjoint
atbv91_0013,1,1,,1,0,voice,voice_only,voice_fake,voice_only__voice_fake,echofake_replay,echofake:EF_O_25123,d2f205e351d30ce4a273a066f3af5fb3dd96e6748de886904d4a3b0a9422a0914eed5beaea89f6f4fa52f3e00ff06dcf26f293715a92b2f8bb66b04f2c3bce2f,common_voice_en_25544689.mp3,common_voice_en_25544689.mp3,d44768b0a2ba19e5c8c21e1b2283760d8d1db48610491d609d6972e061a97ce1e6d7fb68777ee95e38e51806853e11fbe12a4befc278cf327ecd25395bbb03e0,replay:MaskGCT,EF_O_25123,echofake_voice/EF_O_25123.flac,open_set_eval-00002-of-00003.parquet,Edifier MR4 Powered Studio Monitor Speakers,Xiaomi 13 Ultra,30cm,,,,,,,,,not_applicable_voice_only_v9,,0.0,voice_first,0.0,EchoFake_replay+MixFake_FMC_FMA_SONICS,all_prior_truth_speaker_song_source_and_render_hash_disjoint
atbv91_0014,1,1,,1,0,voice,voice_only,voice_fake,voice_only__voice_fake,echofake_replay,echofake:EF_T_03528,81600527df366e2df53933406f4a3c64aa997a436ca977b1bb809f25b3f3dee2ee518d6a74f763cf9f180c61929dd2f058c5002094e77417d9bfbf30ce3d6b5b,common_voice_en_21338228.mp3,common_voice_en_21338228.mp3,1da111283cdc905c82a9d25def7f18682a154008bb67476070741b31e2997f89322a70e77789370b04891a7cf0c84a3f3f569f89e4547f9a75f6d19b729bdfa3,replay:XTTS-v2,EF_T_03528,echofake_voice/EF_T_03528.flac,dev-00000-of-00001.parquet,MacBook Pro 14-inch 2021,iPhone 13 mini,50cm,,,,,,,,,not_applicable_voice_only_v9,,0.0,music_first,0.0,EchoFake_replay+MixFake_FMC_FMA_SONICS,all_prior_truth_speaker_song_source_and_render_hash_disjoint
atbv91_0015,1,1,,1,0,voice,voice_only,voice_fake,voice_only__voice_fake,echofake_replay,echofake:EF_O_19769,131bb42d7bbfb97700dac9107569e28a1c2a173c0923396309e1de5a1e4dc7873a070d1b81c0aeab7101fcfec84dca1d4dd738ee04bc0d109dca4e53a048858f,common_voice_en_27079283.mp3,common_voice_en_27079283.mp3,7141beb040e9cdfdb3d3591b12714d9b2472779225cd955551551aea0a9b98b7a91b13391d587b6a9b3ed3311de50d5f818f04b331c878319de3b4dea17f0cf5,replay:OpenVoice-V2,EF_O_19769,echofake_voice/EF_O_19769.flac,open_set_eval-00002-of-00003.parquet,Edifier MR4 Powered Studio Monitor Speakers,MacBook Pro 14-inch 2021,30cm,,,,,,,,,not_applicable_voice_only_v9,,0.0,music_first,0.0,EchoFake_replay+MixFake_FMC_FMA_SONICS,all_prior_truth_speaker_song_source_and_render_hash_disjoint
atbv91_0016,1,1,,1,0,voice,voice_only,voice_fake,voice_only__voice_fake,echofake_replay,echofake:EF_T_03125,530ba7c3ca68989f420e911531d9a7096d0513efe162d874cfaf7553db2a01574125928ceab24afe87598a20f613dabe4418bec8f21748d959c0ddbee0f0171c,common_voice_en_32872487.mp3,common_voice_en_32872487.mp3,ed75ae53db41cd7048e3de0469acaed9128a80e2686651af2e5a992af203768521afec500de0dbec5adb55edffe3f10ec1c1fb042f03142a511d3c57261a3b96,replay:SpeechT5,EF_T_03125,echofake_voice/EF_T_03125.flac,dev-00000-of-00001.parquet,MacBook Pro 14-inch 2021,Samsung Galaxy A54,15cm,,,,,,,,,not_applicable_voice_only_v9,,0.0,music_first,0.0,EchoFake_replay+MixFake_FMC_FMA_SONICS,all_prior_truth_speaker_song_source_and_render_hash_disjoint
atbv91_0017,1,1,,1,0,voice,voice_only,voice_fake,voice_only__voice_fake,echofake_replay,echofake:EF_O_23492,521019ae724c1ca98f6cbc88aadd1b544d03e7dfcfd86321c3acd65ba58126720400e3568a3dd7ed16f36873d020a644a35b4503e236358c7f9c912f4f183424,common_voice_en_24785571.mp3,common_voice_en_24785571.mp3,588979c8cc75304995545111a072823733acf8fb8d0218b41102964faf91e52844f3478e2824e334cc8daa0d3cb1cbe62149b0a783d5bf2d3da404bb56ada6a3,replay:FireRedTTS,EF_O_23492,echofake_voice/EF_O_23492.flac,open_set_eval-00002-of-00003.parquet,Edifier MR4 Powered Studio Monitor Speakers,Xiaomi 13 Ultra,30cm,,,,,,,,,not_applicable_voice_only_v9,,0.0,voice_first,0.0,EchoFake_replay+MixFake_FMC_FMA_SONICS,all_prior_truth_speaker_song_source_and_render_hash_disjoint
atbv91_0018,1,1,,1,0,voice,voice_only,voice_fake,voice_only__voice_fake,echofake_replay,echofake:EF_T_03374,1dfe422c8f6b5cedc2c45e53e4e5ed39b8e0b0b8f76115219837efc5856659d24e75194a98a5c9434fc5a14b9d10fac625d7d5117900faee3e8f8a827cec76fd,common_voice_en_27196390.mp3,common_voice_en_27196390.mp3,8fc0eb2fce585c5234c75e00be7a6be635a7a04b7e181f362ace7f5acf7e42a74125393235b5008e34eb3bb6650b005724968f62618822e2247bc1bca5135470,replay:OpenAudio-S1-mini,EF_T_03374,echofake_voice/EF_T_03374.flac,dev-00000-of-00001.parquet,iPad Mini (7th generation),Samsung Galaxy A54,15cm,,,,,,,,,not_applicable_voice_only_v9,,0.0,voice_first,0.0,EchoFake_replay+MixFake_FMC_FMA_SONICS,all_prior_truth_speaker_song_source_and_render_hash_disjoint
atbv91_0019,1,1,,1,0,voice,voice_only,voice_fake,voice_only__voice_fake,echofake_replay,echofake:EF_O_21525,79195d1dd6fa6f3c77a0ec8c783ac74f09b526667b952972b2940e5db3758a2812562397483f883eee4688f3a27c668650eef94342e23d7efa86877180490296,common_voice_en_22477461.mp3,common_voice_en_22477461.mp3,51737fe821932a1f9e4aa7b594d2e26412a8d3b1ab7a16ed6be8f9f1938ca7ca24508451b7e29f41a92a77cf8b1f508c37f8a3097e75e0f7c4e25f5d38c29076,replay:IndexTTS,EF_O_21525,echofake_voice/EF_O_21525.flac,open_set_eval-00002-of-00003.parquet,Edifier MR4 Powered Studio Monitor Speakers,MacBook Pro 14-inch 2021,30cm,,,,,,,,,not_applicable_voice_only_v9,,0.0,voice_first,0.0,EchoFake_replay+MixFake_FMC_FMA_SONICS,all_prior_truth_speaker_song_source_and_render_hash_disjoint
atbv91_0020,1,1,,1,0,voice,voice_only,voice_fake,voice_only__voice_fake,echofake_replay,echofake:EF_T_03488,d3ed22cdbea3799ae3a5f5a38e8b965a3854a1b87eefb3181d85b2ecb671f4e82d55be32a5995825da3eae4bacaab96fa31e768ca22f7deb6aaf3904e46a1d0c,common_voice_en_24962597.mp3,common_voice_en_24962597.mp3,56025f59d8a91d0c05f223e4de1e75c32ad7d5faf6ba08b721992366fb085b676173b98d246d3c1519600b3758fde06f4515023c066cd5a7aa9ae905079240be,replay:LLaSA,EF_T_03488,echofake_voice/EF_T_03488.flac,dev-00000-of-00001.parquet,MacBook Pro 14-inch 2021,iPhone 13 mini,50cm,,,,,,,,,not_applicable_voice_only_v9,,0.0,voice_first,0.0,EchoFake_replay+MixFake_FMC_FMA_SONICS,all_prior_truth_speaker_song_source_and_render_hash_disjoint
atbv91_0021,1,1,,1,0,voice,voice_only,voice_fake,voice_only__voice_fake,echofake_replay,echofake:EF_T_03472,19edba7401f3c1fae0bd4f692934e87e090212991028ed563f27f553b5388690ab7a119dc6e7903d01374e09a6a192405d060d93f7342622c0ff15406bcb8a49,common_voice_en_20595774.mp3,common_voice_en_20595774.mp3,fdaca711a7f2b0a00ff4141984a43ca53387abd600f794815935e9b64066590e5cbf2dace2d369d617698ce42f07e48fad5a4503819c9f5742151bdf7de3aa25,replay:StyleTTS2,EF_T_03472,echofake_voice/EF_T_03472.flac,dev-00000-of-00001.parquet,iPad Mini (7th generation),Samsung Galaxy A54,15cm,,,,,,,,,not_applicable_voice_only_v9,,0.0,voice_first,0.0,EchoFake_replay+MixFake_FMC_FMA_SONICS,all_prior_truth_speaker_song_source_and_render_hash_disjoint
atbv91_0022,1,1,,1,0,voice,voice_only,voice_fake,voice_only__voice_fake,echofake_replay,echofake:EF_T_03626,74ed724b9a6ac745eeb5973de235e3dbcd85eb5c921335277b5c86692383048ee7f9144c9e135e73d45e08f053c74d8638bae10f2d7ae693300cc49e711da722,common_voice_en_30205324.mp3,common_voice_en_30205324.mp3,eeae84bcb5ed34a2c6eeafb09290c1801b54e5cb8a0bbdf15f3db5e1a8f09f37303892147450bfe27f87d5da50ed9b9f84e00c83347d86c22b9ac2b46ea3c5f0,replay:F5-TTS,EF_T_03626,echofake_voice/EF_T_03626.flac,dev-00000-of-00001.parquet,MacBook Pro 14-inch 2021,iPhone 13 mini,15cm,,,,,,,,,not_applicable_voice_only_v9,,0.0,voice_first,0.0,EchoFake_replay+MixFake_FMC_FMA_SONICS,all_prior_truth_speaker_song_source_and_render_hash_disjoint
atbv91_0023,1,1,,1,0,voice,voice_only,voice_fake,voice_only__voice_fake,echofake_replay,echofake:EF_O_23722,371cecdbf3d157b9ecd7152275fe3a9653e9213440e5e258ca11ba5edfb1e2a61db1be1acf01455ee43dc275a586814e500097dcfdc987aa947b8e128e7f3f51,common_voice_en_24982918.mp3,common_voice_en_24982918.mp3,d1ba728ace1524cc9ddf8110217557ec75f52c117e28988f2260b49a2837fa8596e3003d433aa19966fe387e56411f4cb44e5534f96faaabd322dd09c577e300,replay:CosyVoice2,EF_O_23722,echofake_voice/EF_O_23722.flac,open_set_eval-00002-of-00003.parquet,Edifier MR4 Powered Studio Monitor Speakers,Xiaomi 13 Ultra,30cm,,,,,,,,,not_applicable_voice_only_v9,,0.0,voice_first,0.0,EchoFake_replay+MixFake_FMC_FMA_SONICS,all_prior_truth_speaker_song_source_and_render_hash_disjoint
atbv91_0024,0,,0,0,1,music,music_only,music_real,music_only__music_real,,,,,,,,,,,,,,fma_instrumental,081194,fma:81194,FMA,FMA,RM_081_081194,unmixed_dataset/eval/RM_081_081194.wav,,presence_only_semantic_pending_v9,,0.0,voice_first,0.0,EchoFake_replay+MixFake_FMC_FMA_SONICS,all_prior_truth_speaker_song_source_and_render_hash_disjoint
atbv91_0025,0,,0,0,1,music,music_only,music_real,music_only__music_real,,,,,,,,,,,,,,fma_instrumental,148984,fma:148984,FMA,FMA,RM_148_148984,unmixed_dataset/eval/RM_148_148984.wav,,presence_only_semantic_pending_v9,,0.0,voice_first,0.0,EchoFake_replay+MixFake_FMC_FMA_SONICS,all_prior_truth_speaker_song_source_and_render_hash_disjoint
atbv91_0026,0,,0,0,1,music,music_only,music_real,music_only__music_real,,,,,,,,,,,,,,fma_instrumental,154513,fma:154513,FMA,FMA,RM_154_154513,unmixed_dataset/eval/RM_154_154513.wav,,presence_only_semantic_pending_v9,,0.0,music_first,0.0,EchoFake_replay+MixFake_FMC_FMA_SONICS,all_prior_truth_speaker_song_source_and_render_hash_disjoint
atbv91_0027,0,,0,0,1,music,music_only,music_real,music_only__music_real,,,,,,,,,,,,,,fma_instrumental,139458,fma:139458,FMA,FMA,RM_139_139458,unmixed_dataset/eval/RM_139_139458.wav,,presence_only_semantic_pending_v9,,0.0,voice_first,0.0,EchoFake_replay+MixFake_FMC_FMA_SONICS,all_prior_truth_speaker_song_source_and_render_hash_disjoint
atbv91_0028,0,,0,0,1,music,music_only,music_real,music_only__music_real,,,,,,,,,,,,,,fma_instrumental,112764,fma:112764,FMA,FMA,RM_112_112764,unmixed_dataset/eval/RM_112_112764.wav,,presence_only_semantic_pending_v9,,0.0,voice_first,0.0,EchoFake_replay+MixFake_FMC_FMA_SONICS,all_prior_truth_speaker_song_source_and_render_hash_disjoint
atbv91_0029,0,,0,0,1,music,music_only,music_real,music_only__music_real,,,,,,,,,,,,,,fma_instrumental,050273,fma:50273,FMA,FMA,RM_050_050273,unmixed_dataset/eval/RM_050_050273.wav,,presence_only_semantic_pending_v9,,0.0,voice_first,0.0,EchoFake_replay+MixFake_FMC_FMA_SONICS,all_prior_truth_speaker_song_source_and_render_hash_disjoint
atbv91_0030,0,,0,0,1,music,music_only,music_real,music_only__music_real,,,,,,,,,,,,,,fma_instrumental,028426,fma:28426,FMA,FMA,RM_028_028426,unmixed_dataset/eval/RM_028_028426.wav,,presence_only_semantic_pending_v9,,0.0,music_first,0.0,EchoFake_replay+MixFake_FMC_FMA_SONICS,all_prior_truth_speaker_song_source_and_render_hash_disjoint
atbv91_0031,0,,0,0,1,music,music_only,music_real,music_only__music_real,,,,,,,,,,,,,,fma_instrumental,060474,fma:60474,FMA,FMA,RM_060_060474,unmixed_dataset/eval/RM_060_060474.wav,,presence_only_semantic_pending_v9,,0.0,voice_first,0.0,EchoFake_replay+MixFake_FMC_FMA_SONICS,all_prior_truth_speaker_song_source_and_render_hash_disjoint
atbv91_0032,0,,0,0,1,music,music_only,music_real,music_only__music_real,,,,,,,,,,,,,,fma_instrumental,003618,fma:3618,FMA,FMA,RM_003_003618,unmixed_dataset/eval/RM_003_003618.wav,,presence_only_semantic_pending_v9,,0.0,music_first,0.0,EchoFake_replay+MixFake_FMC_FMA_SONICS,all_prior_truth_speaker_song_source_and_render_hash_disjoint
atbv91_0033,0,,0,0,1,music,music_only,music_real,music_only__music_real,,,,,,,,,,,,,,fma_instrumental,149669,fma:149669,FMA,FMA,RM_149_149669,unmixed_dataset/eval/RM_149_149669.wav,,presence_only_semantic_pending_v9,,0.0,music_first,0.0,EchoFake_replay+MixFake_FMC_FMA_SONICS,all_prior_truth_speaker_song_source_and_render_hash_disjoint
atbv91_0034,0,,0,0,1,music,music_only,music_real,music_only__music_real,,,,,,,,,,,,,,fma_instrumental,110688,fma:110688,FMA,FMA,RM_110_110688,unmixed_dataset/eval/RM_110_110688.wav,,presence_only_semantic_pending_v9,,0.0,voice_first,0.0,EchoFake_replay+MixFake_FMC_FMA_SONICS,all_prior_truth_speaker_song_source_and_render_hash_disjoint
atbv91_0035,0,,0,0,1,music,music_only,music_real,music_only__music_real,,,,,,,,,,,,,,fma_instrumental,047708,fma:47708,FMA,FMA,RM_047_047708,unmixed_dataset/eval/RM_047_047708.wav,,presence_only_semantic_pending_v9,,0.0,music_first,0.0,EchoFake_replay+MixFake_FMC_FMA_SONICS,all_prior_truth_speaker_song_source_and_render_hash_disjoint
atbv91_0036,1,,1,0,1,music,music_only,music_fake,music_only__music_fake,,,,,,,,,,,,,,fakemusiccaps_instrumental,FM_audioldm2_Ou2rEaq28PM,fmc:Ou2rEaq28PM,audioldm2,FakeMusicCaps,FM_audioldm2_Ou2rEaq28PM,unmixed_dataset/eval/FM_audioldm2_Ou2rEaq28PM.wav,,presence_only_semantic_pending_v9,,0.0,voice_first,0.0,EchoFake_replay+MixFake_FMC_FMA_SONICS,all_prior_truth_speaker_song_source_and_render_hash_disjoint
atbv91_0037,1,,1,0,1,music,music_only,music_fake,music_only__music_fake,,,,,,,,,,,,,,fakemusiccaps_instrumental,FM_mustango_SCcryBmDGPw,fmc:SCcryBmDGPw,mustango,FakeMusicCaps,FM_mustango_SCcryBmDGPw,unmixed_dataset/eval/FM_mustango_SCcryBmDGPw.wav,,presence_only_semantic_pending_v9,,0.0,voice_first,0.0,EchoFake_replay+MixFake_FMC_FMA_SONICS,all_prior_truth_speaker_song_source_and_render_hash_disjoint
atbv91_0038,1,,1,0,1,music,music_only,music_fake,music_only__music_fake,,,,,,,,,,,,,,fakemusiccaps_instrumental,FM_stable_audio_open_RUUZzoeVrK4,fmc:RUUZzoeVrK4,stable_audio_open,FakeMusicCaps,FM_stable_audio_open_RUUZzoeVrK4,unmixed_dataset/eval/FM_stable_audio_open_RUUZzoeVrK4.wav,,presence_only_semantic_pending_v9,,0.0,music_first,0.0,EchoFake_replay+MixFake_FMC_FMA_SONICS,all_prior_truth_speaker_song_source_and_render_hash_disjoint
atbv91_0039,1,,1,0,1,music,music_only,music_fake,music_only__music_fake,,,,,,,,,,,,,,fakemusiccaps_instrumental,FM_MusicGen_medium_2wGkbHl3IUE,fmc:2wGkbHl3IUE,MusicGen_medium,FakeMusicCaps,FM_MusicGen_medium_2wGkbHl3IUE,unmixed_dataset/eval/FM_MusicGen_medium_2wGkbHl3IUE.wav,,presence_only_semantic_pending_v9,,0.0,music_first,0.0,EchoFake_replay+MixFake_FMC_FMA_SONICS,all_prior_truth_speaker_song_source_and_render_hash_disjoint
atbv91_0040,1,,1,0,1,music,music_only,music_fake,music_only__music_fake,,,,,,,,,,,,,,fakemusiccaps_instrumental,FM_musicldm_sH_nDqYVq5E,fmc:sH_nDqYVq5E,musicldm,FakeMusicCaps,FM_musicldm_sH_nDqYVq5E,unmixed_dataset/eval/FM_musicldm_sH_nDqYVq5E.wav,,presence_only_semantic_pending_v9,,0.0,music_first,0.0,EchoFake_replay+MixFake_FMC_FMA_SONICS,all_prior_truth_speaker_song_source_and_render_hash_disjoint
atbv91_0041,1,,1,0,1,music,music_only,music_fake,music_only__music_fake,,,,,,,,,,,,,,fakemusiccaps_instrumental,FM_audioldm2_NDJEKij2qOg,fmc:NDJEKij2qOg,audioldm2,FakeMusicCaps,FM_audioldm2_NDJEKij2qOg,unmixed_dataset/eval/FM_audioldm2_NDJEKij2qOg.wav,,presence_only_semantic_pending_v9,,0.0,voice_first,0.0,EchoFake_replay+MixFake_FMC_FMA_SONICS,all_prior_truth_speaker_song_source_and_render_hash_disjoint
atbv91_0042,1,,1,0,1,music,music_only,music_fake,music_only__music_fake,,,,,,,,,,,,,,fakemusiccaps_instrumental,FM_mustango_iCHskFoUvbw,fmc:iCHskFoUvbw,mustango,FakeMusicCaps,FM_mustango_iCHskFoUvbw,unmixed_dataset/eval/FM_mustango_iCHskFoUvbw.wav,,presence_only_semantic_pending_v9,,0.0,music_first,0.0,EchoFake_replay+MixFake_FMC_FMA_SONICS,all_prior_truth_speaker_song_source_and_render_hash_disjoint
atbv91_0043,1,,1,0,1,music,music_only,music_fake,music_only__music_fake,,,,,,,,,,,,,,fakemusiccaps_instrumental,FM_stable_audio_open_6Q5N1DfzGj0,fmc:6Q5N1DfzGj0,stable_audio_open,FakeMusicCaps,FM_stable_audio_open_6Q5N1DfzGj0,unmixed_dataset/eval/FM_stable_audio_open_6Q5N1DfzGj0.wav,,presence_only_semantic_pending_v9,,0.0,voice_first,0.0,EchoFake_replay+MixFake_FMC_FMA_SONICS,all_prior_truth_speaker_song_source_and_render_hash_disjoint
atbv91_0044,1,,1,0,1,music,music_only,music_fake,music_only__music_fake,,,,,,,,,,,,,,fakemusiccaps_instrumental,FM_MusicGen_medium_DHo1z0_ZUNA,fmc:DHo1z0_ZUNA,MusicGen_medium,FakeMusicCaps,FM_MusicGen_medium_DHo1z0_ZUNA,unmixed_dataset/eval/FM_MusicGen_medium_DHo1z0_ZUNA.wav,,presence_only_semantic_pending_v9,,0.0,voice_first,0.0,EchoFake_replay+MixFake_FMC_FMA_SONICS,all_prior_truth_speaker_song_source_and_render_hash_disjoint
atbv91_0045,1,,1,0,1,music,music_only,music_fake,music_only__music_fake,,,,,,,,,,,,,,fakemusiccaps_instrumental,FM_musicldm_VeXcCHo5iMI,fmc:VeXcCHo5iMI,musicldm,FakeMusicCaps,FM_musicldm_VeXcCHo5iMI,unmixed_dataset/eval/FM_musicldm_VeXcCHo5iMI.wav,,presence_only_semantic_pending_v9,,0.0,voice_first,0.0,EchoFake_replay+MixFake_FMC_FMA_SONICS,all_prior_truth_speaker_song_source_and_render_hash_disjoint
atbv91_0046,1,,1,0,1,music,music_only,music_fake,music_only__music_fake,,,,,,,,,,,,,,fakemusiccaps_instrumental,FM_audioldm2_eezaOfrLOkM,fmc:eezaOfrLOkM,audioldm2,FakeMusicCaps,FM_audioldm2_eezaOfrLOkM,unmixed_dataset/eval/FM_audioldm2_eezaOfrLOkM.wav,,presence_only_semantic_pending_v9,,0.0,voice_first,0.0,EchoFake_replay+MixFake_FMC_FMA_SONICS,all_prior_truth_speaker_song_source_and_render_hash_disjoint
atbv91_0047,1,,1,0,1,music,music_only,music_fake,music_only__music_fake,,,,,,,,,,,,,,fakemusiccaps_instrumental,FM_mustango_TC4mH6nACm8,fmc:TC4mH6nACm8,mustango,FakeMusicCaps,FM_mustango_TC4mH6nACm8,unmixed_dataset/eval/FM_mustango_TC4mH6nACm8.wav,,presence_only_semantic_pending_v9,,0.0,voice_first,0.0,EchoFake_replay+MixFake_FMC_FMA_SONICS,all_prior_truth_speaker_song_source_and_render_hash_disjoint
atbv91_0048,0,0,0,1,1,mixed,concurrent,RR,concurrent__RR,echofake_real,echofake:EF_D_00539,c2ec9a2652118335c988042dec9355aa5e469c17d2f976e7c761f996eb6e6b51275b4fdb323882dacc04950c5d10022a618ba9a67e6bdaa394f791bf9236db53,common_voice_en_26320952.mp3,,,bonafide,EF_D_00539,echofake_voice/EF_D_00539.flac,dev-00000-of-00001.parquet,,,,fma_instrumental,110436,fma:110436,FMA,FMA,RM_110_110436,unmixed_dataset/eval/RM_110_110436.wav,,presence_only_semantic_pending_v9,-5,1.0,music_first,0.0,EchoFake_replay+MixFake_FMC_FMA_SONICS,all_prior_truth_speaker_song_source_and_render_hash_disjoint
atbv91_0049,0,0,0,1,1,mixed,concurrent,RR,concurrent__RR,echofake_real,echofake:EF_O_03207,d905dadf0f0f72865b0fa1279c8645d5f8f0b63175624231d38436cffb6218be40cbff6a9e35ee8570d1d539b031e2568fbc60adcc162ebde290d9f2f003ecd1,common_voice_en_19702250.mp3,,,bonafide,EF_O_03207,echofake_voice/EF_O_03207.flac,open_set_eval-00000-of-00003.parquet,,,,fma_instrumental,149080,fma:149080,FMA,FMA,RM_149_149080,unmixed_dataset/eval/RM_149_149080.wav,,presence_only_semantic_pending_v9,0,1.0,music_first,0.0,EchoFake_replay+MixFake_FMC_FMA_SONICS,all_prior_truth_speaker_song_source_and_render_hash_disjoint
atbv91_0050,0,0,0,1,1,mixed,concurrent,RR,concurrent__RR,echofake_real,echofake:EF_O_00130,d7b4cef5f6661d9f5e22e7cde9450e8bf24b07aa17d95c07bbc4a13d0274a9394be570c5630f2c02b64b368e26e795e4cf70c22844319d14018aeb7f58d6cf60,common_voice_en_30480133.mp3,,,bonafide,EF_O_00130,echofake_voice/EF_O_00130.flac,open_set_eval-00000-of-00003.parquet,,,,fma_instrumental,145759,fma:145759,FMA,FMA,RM_145_145759,unmixed_dataset/eval/RM_145_145759.wav,,presence_only_semantic_pending_v9,0,1.0,music_first,0.0,EchoFake_replay+MixFake_FMC_FMA_SONICS,all_prior_truth_speaker_song_source_and_render_hash_disjoint
atbv91_0051,0,0,0,1,1,mixed,concurrent,RR,concurrent__RR,echofake_real,echofake:EF_O_01157,e23fcbfdbd4639b11c95fb4c8fb94d4b8c576234203af247a6aa4e230e0247e37085eae1fa5aef4832e68cae29d165e45ebccc16ea830d43827c700877602c72,common_voice_en_19293978.mp3,,,bonafide,EF_O_01157,echofake_voice/EF_O_01157.flac,open_set_eval-00000-of-00003.parquet,,,,fma_instrumental,087070,fma:87070,FMA,FMA,RM_087_087070,unmixed_dataset/eval/RM_087_087070.wav,,presence_only_semantic_pending_v9,-5,1.0,voice_first,0.0,EchoFake_replay+MixFake_FMC_FMA_SONICS,all_prior_truth_speaker_song_source_and_render_hash_disjoint
atbv91_0052,0,0,0,1,1,mixed,concurrent,RR,concurrent__RR,echofake_real,echofake:EF_O_01907,fba9df0844896be62a67b9e002408e3d460b9ee4eaf437abdb373f4b8368666c3311400b1f500d2c588c0747526f95015a7ff09d7b5170ca2819b5a11aaf0974,common_voice_en_28457146.mp3,,,bonafide,EF_O_01907,echofake_voice/EF_O_01907.flac,open_set_eval-00000-of-00003.parquet,,,,fma_instrumental,095234,fma:95234,FMA,FMA,RM_095_095234,unmixed_dataset/eval/RM_095_095234.wav,,presence_only_semantic_pending_v9,10,1.0,voice_first,0.0,EchoFake_replay+MixFake_FMC_FMA_SONICS,all_prior_truth_speaker_song_source_and_render_hash_disjoint
atbv91_0053,0,0,0,1,1,mixed,concurrent,RR,concurrent__RR,echofake_real,echofake:EF_O_00061,714b3af94fceeb2aeaa826d7dcfc28cc8cf13626522d19f194ea16f0bd0c0ff436ffeeb2acb68ef727ae02c054a523582a93454ea4e83d589ec942b97fa6c72b,common_voice_en_20973617.mp3,,,bonafide,EF_O_00061,echofake_voice/EF_O_00061.flac,open_set_eval-00000-of-00003.parquet,,,,fma_instrumental,041163,fma:41163,FMA,FMA,RM_041_041163,unmixed_dataset/eval/RM_041_041163.wav,,presence_only_semantic_pending_v9,0,1.0,voice_first,0.0,EchoFake_replay+MixFake_FMC_FMA_SONICS,all_prior_truth_speaker_song_source_and_render_hash_disjoint
atbv91_0054,1,0,1,1,1,mixed,concurrent,RF,concurrent__RF,echofake_real,echofake:EF_O_00248,27d0ac8cda3f8cb481cd9792baf6ad60b816de20e1fe608933a0cd2be86943291b2da9c482b80e06b5a88308fbc251a60f8389c6604d8e1b683479bef1c9b445,common_voice_en_32371507.mp3,,,bonafide,EF_O_00248,echofake_voice/EF_O_00248.flac,open_set_eval-00000-of-00003.parquet,,,,fakemusiccaps_instrumental,FM_stable_audio_open_vsDriIwNAmU,fmc:vsDriIwNAmU,stable_audio_open,FakeMusicCaps,FM_stable_audio_open_vsDriIwNAmU,unmixed_dataset/eval/FM_stable_audio_open_vsDriIwNAmU.wav,,presence_only_semantic_pending_v9,-5,1.0,voice_first,0.0,EchoFake_replay+MixFake_FMC_FMA_SONICS,all_prior_truth_speaker_song_source_and_render_hash_disjoint
atbv91_0055,1,0,1,1,1,mixed,concurrent,RF,concurrent__RF,echofake_real,echofake:EF_O_00029,d59099fff27a44fff6b0df797e1ffe3078ee9f4bff1c08a15b618bc237526ea3664dc416333f59ac4e03117be67cfd3f84a55e23e8584146152d5871de9d687a,common_voice_en_27223919.mp3,,,bonafide,EF_O_00029,echofake_voice/EF_O_00029.flac,open_set_eval-00000-of-00003.parquet,,,,fakemusiccaps_instrumental,FM_MusicGen_medium_AeDNy6Ff7VE,fmc:AeDNy6Ff7VE,MusicGen_medium,FakeMusicCaps,FM_MusicGen_medium_AeDNy6Ff7VE,unmixed_dataset/eval/FM_MusicGen_medium_AeDNy6Ff7VE.wav,,presence_only_semantic_pending_v9,-10,1.0,music_first,0.0,EchoFake_replay+MixFake_FMC_FMA_SONICS,all_prior_truth_speaker_song_source_and_render_hash_disjoint
atbv91_0056,1,0,1,1,1,mixed,concurrent,RF,concurrent__RF,echofake_real,echofake:EF_O_05523,e99dc447979bdb0adb86ef0adc5e62bcc15f270f3ca74ac1c73e3198bd97f2501a34525e7a5fbf5bfb297374d818b573bf784f3cc275d2783ce9c15d25bd1362,common_voice_en_19697001.mp3,,,bonafide,EF_O_05523,echofake_voice/EF_O_05523.flac,open_set_eval-00000-of-00003.parquet,,,,fakemusiccaps_instrumental,FM_musicldm_IjP5kKfgBiI,fmc:IjP5kKfgBiI,musicldm,FakeMusicCaps,FM_musicldm_IjP5kKfgBiI,unmixed_dataset/eval/FM_musicldm_IjP5kKfgBiI.wav,,presence_only_semantic_pending_v9,-5,1.0,voice_first,0.0,EchoFake_replay+MixFake_FMC_FMA_SONICS,all_prior_truth_speaker_song_source_and_render_hash_disjoint
atbv91_0057,1,0,1,1,1,mixed,concurrent,RF,concurrent__RF,echofake_real,echofake:EF_O_05155,13d26134a136310678e44ec12ea3933d3d5c4a5f70dbb975078eeb7e9c4ca7ba4645e0db49d3a6a00808d90bfc98a531a4fab6b33e65515eb1eb6f62100f5ce8,common_voice_en_32392024.mp3,,,bonafide,EF_O_05155,echofake_voice/EF_O_05155.flac,open_set_eval-00000-of-00003.parquet,,,,fakemusiccaps_instrumental,FM_audioldm2_LGrAwQnZ6Bs,fmc:LGrAwQnZ6Bs,audioldm2,FakeMusicCaps,FM_audioldm2_LGrAwQnZ6Bs,unmixed_dataset/eval/FM_audioldm2_LGrAwQnZ6Bs.wav,,presence_only_semantic_pending_v9,5,1.0,voice_first,0.0,EchoFake_replay+MixFake_FMC_FMA_SONICS,all_prior_truth_speaker_song_source_and_render_hash_disjoint
atbv91_0058,1,0,1,1,1,mixed,concurrent,RF,concurrent__RF,echofake_real,echofake:EF_O_02620,e2424005102f77c99fda4034d4f91fc3365f2ee552c5292311b2e73b4b723d5bda61c419025fadd4ef883220cc9f24c5f35446c9294c6e3fe88af43c87ae88a2,common_voice_en_36965054.mp3,,,bonafide,EF_O_02620,echofake_voice/EF_O_02620.flac,open_set_eval-00000-of-00003.parquet,,,,fakemusiccaps_instrumental,FM_mustango_XKp670Yh0E0,fmc:XKp670Yh0E0,mustango,FakeMusicCaps,FM_mustango_XKp670Yh0E0,unmixed_dataset/eval/FM_mustango_XKp670Yh0E0.wav,,presence_only_semantic_pending_v9,10,1.0,music_first,0.0,EchoFake_replay+MixFake_FMC_FMA_SONICS,all_prior_truth_speaker_song_source_and_render_hash_disjoint
atbv91_0059,1,0,1,1,1,mixed,concurrent,RF,concurrent__RF,echofake_real,echofake:EF_O_03465,b7f4409575017614baf9f3fc52cfe808ebd7c0e8bf14a0bd144554da769f8e54990d2fb312c9fa51878ff4e17af53244e62ca5d8a3fbb9cd1e5cded4174328f4,common_voice_en_18266608.mp3,,,bonafide,EF_O_03465,echofake_voice/EF_O_03465.flac,open_set_eval-00000-of-00003.parquet,,,,fakemusiccaps_instrumental,FM_stable_audio_open_pYaegEQ_wtI,fmc:pYaegEQ_wtI,stable_audio_open,FakeMusicCaps,FM_stable_audio_open_pYaegEQ_wtI,unmixed_dataset/eval/FM_stable_audio_open_pYaegEQ_wtI.wav,,presence_only_semantic_pending_v9,-10,1.0,voice_first,0.0,EchoFake_replay+MixFake_FMC_FMA_SONICS,all_prior_truth_speaker_song_source_and_render_hash_disjoint
atbv91_0060,1,1,0,1,1,mixed,concurrent,FR,concurrent__FR,echofake_replay,echofake:EF_O_23588,05e915532c9804566679b54c84dd85b1d1a500ceef0deb0fe847939057180e7569d063077089752715cd4dc543a6fa2e7d03bbc798f5a834cc1ebd49173b97d7,common_voice_en_20229459.mp3,common_voice_en_20229459.mp3,32037949ca09571eb4c8c0b6d8ee1a0932a126b23e5a132d0f3b52cdcc3f31e4dd2ffbc363a1ec471991b57a3e5f8e45b1465b6231a1dc0678fedf505b48cfa3,replay:MaskGCT,EF_O_23588,echofake_voice/EF_O_23588.flac,open_set_eval-00002-of-00003.parquet,Xiaomi 13 Ultra,Wired Earbuds With Microphone,30cm,fma_instrumental,050371,fma:50371,FMA,FMA,RM_050_050371,unmixed_dataset/eval/RM_050_050371.wav,,presence_only_semantic_pending_v9,0,1.0,voice_first,0.0,EchoFake_replay+MixFake_FMC_FMA_SONICS,all_prior_truth_speaker_song_source_and_render_hash_disjoint
atbv91_0061,1,1,0,1,1,mixed,concurrent,FR,concurrent__FR,echofake_replay,echofake:EF_T_03607,1fc2230568ac79fe994d7e3421b46cbeae1759433c65a1662f2f7def56df6f040c0b799f54ab3b30ce6305a0e7359e04f4bf68ae85d2dfbc916f6c7f0ca9e0e1,common_voice_en_21377232.mp3,common_voice_en_21377232.mp3,63cf30b62eb97a124a87e6746a63af766deebf3bf3f4077c8a8652957bc406d3ff8534636cdf0bf4b6e2788d92f1b5c8623d09b2e43cc77bc663b92788724a0c,replay:XTTS-v2,EF_T_03607,echofake_voice/EF_T_03607.flac,dev-00000-of-00001.parquet,MacBook Pro 14-inch 2021,iPhone 13 mini,15cm,fma_instrumental,026673,fma:26673,FMA,FMA,RM_026_026673,unmixed_dataset/eval/RM_026_026673.wav,,presence_only_semantic_pending_v9,-10,1.0,voice_first,0.0,EchoFake_replay+MixFake_FMC_FMA_SONICS,all_prior_truth_speaker_song_source_and_render_hash_disjoint
atbv91_0062,1,1,0,1,1,mixed,concurrent,FR,concurrent__FR,echofake_replay,echofake:EF_O_22652,d3d8d61a438a0746715059d7163491788d7e1b0ff0eabb4c3e2d97661ee22265234857123713f7053824aee19d1dc56059830f6fca426f2d967dc28388e211de,common_voice_en_24601376.mp3,common_voice_en_24601376.mp3,8ecea9b5b86ef597f37a90597d2adc927c8d1b1f35639aad3a3b7ae26cf63129034a0aea4759f11254550fb68c59a24aabceb31b7c972b9fa55a9331149cd541,replay:OpenVoice-V2,EF_O_22652,echofake_voice/EF_O_22652.flac,open_set_eval-00002-of-00003.parquet,Xiaomi 13 Ultra,MacBook Pro 14-inch 2021,30cm,fma_instrumental,121574,fma:121574,FMA,FMA,RM_121_121574,unmixed_dataset/eval/RM_121_121574.wav,,presence_only_semantic_pending_v9,-5,1.0,music_first,0.0,EchoFake_replay+MixFake_FMC_FMA_SONICS,all_prior_truth_speaker_song_source_and_render_hash_disjoint
atbv91_0063,1,1,0,1,1,mixed,concurrent,FR,concurrent__FR,echofake_replay,echofake:EF_T_03682,8aba3ad1b1236ab524ba93f276b7517d2947de1540747a7ad46325b8a8c75b3e2366f452937a36ff67d89f2584bac1012c7af2c99fd08bccf85a48d0d3a377b2,common_voice_en_31726906.mp3,common_voice_en_31726906.mp3,b62d41129df6336b11e57265356cb9d13cb8c9808b4a4713bf33cd731cfe0822a328b326a51036d5e063fcef0d0d23a2425f2d86a4a122e189c12a4d21f434e0,replay:SpeechT5,EF_T_03682,echofake_voice/EF_T_03682.flac,dev-00000-of-00001.parquet,MacBook Pro 14-inch 2021,iPhone 13 mini,15cm,fma_instrumental,052044,fma:52044,FMA,FMA,RM_052_052044,unmixed_dataset/eval/RM_052_052044.wav,,presence_only_semantic_pending_v9,10,1.0,voice_first,0.0,EchoFake_replay+MixFake_FMC_FMA_SONICS,all_prior_truth_speaker_song_source_and_render_hash_disjoint
atbv91_0064,1,1,0,1,1,mixed,concurrent,FR,concurrent__FR,echofake_replay,echofake:EF_O_20947,3650f6aedde776321a3834e5b8d646aa526cd63f800ed4318ce53ca1beda120fedb2c42daa81783876496cae17271a2332b21a28bf37f9c28382bb9aca52dad4,common_voice_en_25833965.mp3,common_voice_en_25833965.mp3,d77f770c5bc120ad3abe79185442a53234bd797cbd6b501c6bf03487c4cc9981ea1fdc6c54734ad1785c38fe1f07b7faa8a949c878579e0138d2878e8080897d,replay:FireRedTTS,EF_O_20947,echofake_voice/EF_O_20947.flac,open_set_eval-00002-of-00003.parquet,Xiaomi 13 Ultra,MacBook Pro 14-inch 2021,30cm,fma_instrumental,097958,fma:97958,FMA,FMA,RM_097_097958,unmixed_dataset/eval/RM_097_097958.wav,,presence_only_semantic_pending_v9,-10,1.0,music_first,0.0,EchoFake_replay+MixFake_FMC_FMA_SONICS,all_prior_truth_speaker_song_source_and_render_hash_disjoint
atbv91_0065,1,1,0,1,1,mixed,concurrent,FR,concurrent__FR,echofake_replay,echofake:EF_T_03061,9489088a420426808becec14c5f401ed90743aab43f0ea3a7103e44a9a49dbe34a988a64a728e2a0a1211acd83899a91998b77dfdba504b2154a6900315ffa62,common_voice_en_21802565.mp3,common_voice_en_21802565.mp3,8ba1539c5af82f90e6f84cff88a9ffbdb50d9464938cbe0d94b432556db97dfd59856dabbba5f966d52c488043f9a022f590fab2aba7bf4678db45ff4abfae8f,replay:OpenAudio-S1-mini,EF_T_03061,echofake_voice/EF_T_03061.flac,dev-00000-of-00001.parquet,MacBook Pro 14-inch 2021,Samsung Galaxy A54,50cm,fma_instrumental,023452,fma:23452,FMA,FMA,RM_023_023452,unmixed_dataset/eval/RM_023_023452.wav,,presence_only_semantic_pending_v9,0,1.0,music_first,0.0,EchoFake_replay+MixFake_FMC_FMA_SONICS,all_prior_truth_speaker_song_source_and_render_hash_disjoint
atbv91_0066,1,1,1,1,1,mixed,concurrent,FF,concurrent__FF,sonics_joint_original,sonics-vocal:FM_fake_songs_wav_fake_35990_udio_1,sonics-vocal:sonics:35990,sonics:35990,,,sonics:udio-30s:vocal,FM_fake_songs_wav_fake_35990_udio_1,unmixed_dataset/eval/FM_fake_songs_wav_fake_35990_udio_1.wav,,,,,sonics_joint_original,sonics-music:FM_fake_songs_wav_fake_35990_udio_1,sonics:35990,sonics:udio-30s,udio,FM_fake_songs_wav_fake_35990_udio_1,unmixed_dataset/eval/FM_fake_songs_wav_fake_35990_udio_1.wav,unmixed_dataset/eval/FM_fake_songs_wav_fake_35990_udio_1.wav,presence_only_semantic_pending_v9,5,1.0,music_first,0.0,EchoFake_replay+MixFake_FMC_FMA_SONICS,all_prior_truth_speaker_song_source_and_render_hash_disjoint
atbv91_0067,1,1,1,1,1,mixed,concurrent,FF,concurrent__FF,sonics_joint_original,sonics-vocal:FM_fake_songs_wav_fake_53855_suno_0,sonics-vocal:sonics:53855,sonics:53855,,,sonics:chirp-v2-xxl-alpha:vocal,FM_fake_songs_wav_fake_53855_suno_0,unmixed_dataset/eval/FM_fake_songs_wav_fake_53855_suno_0.wav,,,,,sonics_joint_original,sonics-music:FM_fake_songs_wav_fake_53855_suno_0,sonics:53855,sonics:chirp-v2-xxl-alpha,suno,FM_fake_songs_wav_fake_53855_suno_0,unmixed_dataset/eval/FM_fake_songs_wav_fake_53855_suno_0.wav,unmixed_dataset/eval/FM_fake_songs_wav_fake_53855_suno_0.wav,presence_only_semantic_pending_v9,5,1.0,music_first,0.0,EchoFake_replay+MixFake_FMC_FMA_SONICS,all_prior_truth_speaker_song_source_and_render_hash_disjoint
atbv91_0068,1,1,1,1,1,mixed,concurrent,FF,concurrent__FF,sonics_joint_original,sonics-vocal:FM_fake_songs_wav_fake_05975_udio_0,sonics-vocal:sonics:5975,sonics:5975,,,sonics:udio-120s:vocal,FM_fake_songs_wav_fake_05975_udio_0,unmixed_dataset/eval/FM_fake_songs_wav_fake_05975_udio_0.wav,,,,,sonics_joint_original,sonics-music:FM_fake_songs_wav_fake_05975_udio_0,sonics:5975,sonics:udio-120s,udio,FM_fake_songs_wav_fake_05975_udio_0,unmixed_dataset/eval/FM_fake_songs_wav_fake_05975_udio_0.wav,unmixed_dataset/eval/FM_fake_songs_wav_fake_05975_udio_0.wav,presence_only_semantic_pending_v9,0,1.0,music_first,0.0,EchoFake_replay+MixFake_FMC_FMA_SONICS,all_prior_truth_speaker_song_source_and_render_hash_disjoint
atbv91_0069,1,1,1,1,1,mixed,concurrent,FF,concurrent__FF,sonics_joint_original,sonics-vocal:FM_fake_songs_wav_fake_27385_suno_0,sonics-vocal:sonics:27385,sonics:27385,,,sonics:chirp-v3:vocal,FM_fake_songs_wav_fake_27385_suno_0,unmixed_dataset/eval/FM_fake_songs_wav_fake_27385_suno_0.wav,,,,,sonics_joint_original,sonics-music:FM_fake_songs_wav_fake_27385_suno_0,sonics:27385,sonics:chirp-v3,suno,FM_fake_songs_wav_fake_27385_suno_0,unmixed_dataset/eval/FM_fake_songs_wav_fake_27385_suno_0.wav,unmixed_dataset/eval/FM_fake_songs_wav_fake_27385_suno_0.wav,presence_only_semantic_pending_v9,10,1.0,music_first,0.0,EchoFake_replay+MixFake_FMC_FMA_SONICS,all_prior_truth_speaker_song_source_and_render_hash_disjoint
atbv91_0070,1,1,1,1,1,mixed,concurrent,FF,concurrent__FF,sonics_joint_original,sonics-vocal:FM_fake_songs_wav_fake_53967_suno_1,sonics-vocal:sonics:53967,sonics:53967,,,sonics:chirp-v3.5:vocal,FM_fake_songs_wav_fake_53967_suno_1,unmixed_dataset/eval/FM_fake_songs_wav_fake_53967_suno_1.wav,,,,,sonics_joint_original,sonics-music:FM_fake_songs_wav_fake_53967_suno_1,sonics:53967,sonics:chirp-v3.5,suno,FM_fake_songs_wav_fake_53967_suno_1,unmixed_dataset/eval/FM_fake_songs_wav_fake_53967_suno_1.wav,unmixed_dataset/eval/FM_fake_songs_wav_fake_53967_suno_1.wav,presence_only_semantic_pending_v9,0,1.0,music_first,0.0,EchoFake_replay+MixFake_FMC_FMA_SONICS,all_prior_truth_speaker_song_source_and_render_hash_disjoint
atbv91_0071,1,1,1,1,1,mixed,concurrent,FF,concurrent__FF,sonics_joint_original,sonics-vocal:FM_fake_songs_wav_fake_38893_udio_1,sonics-vocal:sonics:38893,sonics:38893,,,sonics:udio-30s:vocal,FM_fake_songs_wav_fake_38893_udio_1,unmixed_dataset/eval/FM_fake_songs_wav_fake_38893_udio_1.wav,,,,,sonics_joint_original,sonics-music:FM_fake_songs_wav_fake_38893_udio_1,sonics:38893,sonics:udio-30s,udio,FM_fake_songs_wav_fake_38893_udio_1,unmixed_dataset/eval/FM_fake_songs_wav_fake_38893_udio_1.wav,unmixed_dataset/eval/FM_fake_songs_wav_fake_38893_udio_1.wav,presence_only_semantic_pending_v9,10,1.0,music_first,0.0,EchoFake_replay+MixFake_FMC_FMA_SONICS,all_prior_truth_speaker_song_source_and_render_hash_disjoint
atbv91_0072,0,0,0,1,1,mixed,partial_overlap,RR,partial_overlap__RR,echofake_real,echofake:EF_O_02539,34f4c9a5705ad35c13d82ca0615aeb75f83481f0bb4d536f06d8b21f2ee3b46ded91b46a8800b9caa4a613addc466e622e3296b771e752edb57685c400db53b9,common_voice_en_19942081.mp3,,,bonafide,EF_O_02539,echofake_voice/EF_O_02539.flac,open_set_eval-00000-of-00003.parquet,,,,fma_instrumental,071938,fma:71938,FMA,FMA,RM_071_071938,unmixed_dataset/eval/RM_071_071938.wav,,presence_only_semantic_pending_v9,-5,0.5,voice_first,0.0,EchoFake_replay+MixFake_FMC_FMA_SONICS,all_prior_truth_speaker_song_source_and_render_hash_disjoint
atbv91_0073,0,0,0,1,1,mixed,partial_overlap,RR,partial_overlap__RR,echofake_real,echofake:EF_O_00985,237e81fc51f15ecd6110e84cd348aa161f160c2fe66f3473ab636219b328f68022217c3233cd44712256c5c6b47be952fae445217e29ee43bb3ac6d00fe56e9b,common_voice_en_25237211.mp3,,,bonafide,EF_O_00985,echofake_voice/EF_O_00985.flac,open_set_eval-00000-of-00003.parquet,,,,fma_instrumental,085838,fma:85838,FMA,FMA,RM_085_085838,unmixed_dataset/eval/RM_085_085838.wav,,presence_only_semantic_pending_v9,5,0.5,voice_first,0.0,EchoFake_replay+MixFake_FMC_FMA_SONICS,all_prior_truth_speaker_song_source_and_render_hash_disjoint
atbv91_0074,0,0,0,1,1,mixed,partial_overlap,RR,partial_overlap__RR,echofake_real,echofake:EF_O_03021,bc8895acb685c0632c9e2b2b1052b58947c9244ec15cd00e0be605ea7e443f09c86bce549b791498e0c7a58400412bc13a2baf7981841fd386ff88b93ccfe01f,common_voice_en_20829883.mp3,,,bonafide,EF_O_03021,echofake_voice/EF_O_03021.flac,open_set_eval-00000-of-00003.parquet,,,,fma_instrumental,073572,fma:73572,FMA,FMA,RM_073_073572,unmixed_dataset/eval/RM_073_073572.wav,,presence_only_semantic_pending_v9,-5,0.5,music_first,0.0,EchoFake_replay+MixFake_FMC_FMA_SONICS,all_prior_truth_speaker_song_source_and_render_hash_disjoint
atbv91_0075,0,0,0,1,1,mixed,partial_overlap,RR,partial_overlap__RR,echofake_real,echofake:EF_O_03065,a6aaaf6d6f0c049648664c10aaeaf5b3c720044eb3f7b268ba1bfe2c208ae2c38d558f29bc49bffe86f813d2385b4d41daed246eb6369354d29a3d6f11c8c440,common_voice_en_19740153.mp3,,,bonafide,EF_O_03065,echofake_voice/EF_O_03065.flac,open_set_eval-00000-of-00003.parquet,,,,fma_instrumental,006719,fma:6719,FMA,FMA,RM_006_006719,unmixed_dataset/eval/RM_006_006719.wav,,presence_only_semantic_pending_v9,-10,0.75,voice_first,0.0,EchoFake_replay+MixFake_FMC_FMA_SONICS,all_prior_truth_speaker_song_source_and_render_hash_disjoint
atbv91_0076,0,0,0,1,1,mixed,partial_overlap,RR,partial_overlap__RR,echofake_real,echofake:EF_O_04201,76fd466400956ea396fbb86b0b58805ee49da0fb7acd9401d54bbf0f5e1e8255671e6b574bb475be18dd651afc7f296bfba7f41ad0fdd5ef290b60a22efac802,common_voice_en_19050204.mp3,,,bonafide,EF_O_04201,echofake_voice/EF_O_04201.flac,open_set_eval-00000-of-00003.parquet,,,,fma_instrumental,099034,fma:99034,FMA,FMA,RM_099_099034,unmixed_dataset/eval/RM_099_099034.wav,,presence_only_semantic_pending_v9,-5,0.25,voice_first,0.0,EchoFake_replay+MixFake_FMC_FMA_SONICS,all_prior_truth_speaker_song_source_and_render_hash_disjoint
atbv91_0077,0,0,0,1,1,mixed,partial_overlap,RR,partial_overlap__RR,echofake_real,echofake:EF_O_05455,c9a80a997ecf58adba961d8818fab14e8ddfb8280266104d0514908e7d270b2a01c1e0b2640c556e41272a7cfb2aa1aa1ba872bc433446b971492066e69d6bba,common_voice_en_20184153.mp3,,,bonafide,EF_O_05455,echofake_voice/EF_O_05455.flac,open_set_eval-00000-of-00003.parquet,,,,fma_instrumental,055716,fma:55716,FMA,FMA,RM_055_055716,unmixed_dataset/eval/RM_055_055716.wav,,presence_only_semantic_pending_v9,5,0.5,music_first,0.0,EchoFake_replay+MixFake_FMC_FMA_SONICS,all_prior_truth_speaker_song_source_and_render_hash_disjoint
atbv91_0078,1,0,1,1,1,mixed,partial_overlap,RF,partial_overlap__RF,echofake_real,echofake:EF_O_01171,782452066ebc9dcff04694322fca1b2466fdf45900cd72364847ae51cffdb5f959cc22e46adb58237c6c9c15681838dd3f1575c703ce23be728935e241bbfd22,common_voice_en_25184227.mp3,,,bonafide,EF_O_01171,echofake_voice/EF_O_01171.flac,open_set_eval-00000-of-00003.parquet,,,,fakemusiccaps_instrumental,FM_MusicGen_medium_6L8066DGqcA,fmc:6L8066DGqcA,MusicGen_medium,FakeMusicCaps,FM_MusicGen_medium_6L8066DGqcA,unmixed_dataset/eval/FM_MusicGen_medium_6L8066DGqcA.wav,,presence_only_semantic_pending_v9,0,0.5,music_first,0.0,EchoFake_replay+MixFake_FMC_FMA_SONICS,all_prior_truth_speaker_song_source_and_render_hash_disjoint
atbv91_0079,1,0,1,1,1,mixed,partial_overlap,RF,partial_overlap__RF,echofake_real,echofake:EF_O_04057,2753f674c090ae797889c571f83245708600bc11e4e78115118093a811523fe5f7eee442e96d3926734f49da3c601d803c8e4402e076ae1ea6dc04ebf630ea20,common_voice_en_20805044.mp3,,,bonafide,EF_O_04057,echofake_voice/EF_O_04057.flac,open_set_eval-00000-of-00003.parquet,,,,fakemusiccaps_instrumental,FM_musicldm_YeIXmKPyTVY,fmc:YeIXmKPyTVY,musicldm,FakeMusicCaps,FM_musicldm_YeIXmKPyTVY,unmixed_dataset/eval/FM_musicldm_YeIXmKPyTVY.wav,,presence_only_semantic_pending_v9,0,0.25,voice_first,0.0,EchoFake_replay+MixFake_FMC_FMA_SONICS,all_prior_truth_speaker_song_source_and_render_hash_disjoint
atbv91_0080,1,0,1,1,1,mixed,partial_overlap,RF,partial_overlap__RF,echofake_real,echofake:EF_O_06087,30621d145137ef109668b8ebe69b487a9115909a334e9b9e86ad7036b55bae6a00babe7cbe9fcae69add130a94b62aa1a9a256b18b31e261f1693b7cbcc80260,common_voice_en_21213749.mp3,,,bonafide,EF_O_06087,echofake_voice/EF_O_06087.flac,open_set_eval-00000-of-00003.parquet,,,,fakemusiccaps_instrumental,FM_audioldm2_vd1dgdxlA94,fmc:vd1dgdxlA94,audioldm2,FakeMusicCaps,FM_audioldm2_vd1dgdxlA94,unmixed_dataset/eval/FM_audioldm2_vd1dgdxlA94.wav,,presence_only_semantic_pending_v9,-10,0.75,music_first,0.0,EchoFake_replay+MixFake_FMC_FMA_SONICS,all_prior_truth_speaker_song_source_and_render_hash_disjoint
atbv91_0081,1,0,1,1,1,mixed,partial_overlap,RF,partial_overlap__RF,echofake_real,echofake:EF_O_02197,ddd555c8c3a77c5804bf615eab88358c6275b22a8a4abad67b400884a955a106da710c8cecec700eaf196251abff3fc3cbf16ea7bd1f4109cc929a5d5dab8c9a,common_voice_en_25189363.mp3,,,bonafide,EF_O_02197,echofake_voice/EF_O_02197.flac,open_set_eval-00000-of-00003.parquet,,,,fakemusiccaps_instrumental,FM_mustango_ng9Dpk4qiP4,fmc:ng9Dpk4qiP4,mustango,FakeMusicCaps,FM_mustango_ng9Dpk4qiP4,unmixed_dataset/eval/FM_mustango_ng9Dpk4qiP4.wav,,presence_only_semantic_pending_v9,-10,0.5,music_first,0.0,EchoFake_replay+MixFake_FMC_FMA_SONICS,all_prior_truth_speaker_song_source_and_render_hash_disjoint
atbv91_0082,1,0,1,1,1,mixed,partial_overlap,RF,partial_overlap__RF,echofake_real,echofake:EF_O_02162,50e98a7c9d6cf51149a0a93baca510f8a4246377257892f416ab53481fb5793928dfa456d672719b50074e02d56f523d8803ecbcf29ea6b4c5830b394679697a,common_voice_en_19743801.mp3,,,bonafide,EF_O_02162,echofake_voice/EF_O_02162.flac,open_set_eval-00000-of-00003.parquet,,,,fakemusiccaps_instrumental,FM_stable_audio_open_ZmgkpmzvL6c,fmc:ZmgkpmzvL6c,stable_audio_open,FakeMusicCaps,FM_stable_audio_open_ZmgkpmzvL6c,unmixed_dataset/eval/FM_stable_audio_open_ZmgkpmzvL6c.wav,,presence_only_semantic_pending_v9,0,0.25,voice_first,0.0,EchoFake_replay+MixFake_FMC_FMA_SONICS,all_prior_truth_speaker_song_source_and_render_hash_disjoint
atbv91_0083,1,0,1,1,1,mixed,partial_overlap,RF,partial_overlap__RF,echofake_real,echofake:EF_O_02027,730063470c308487a16cbaee2dd975b5ccf4ea5d8b11ee3696baf7d4101b7ad26c9b0818abc2e017f3f7162f1fefdd4d84031538c3a4609935a3b0e220b42361,common_voice_en_21741391.mp3,,,bonafide,EF_O_02027,echofake_voice/EF_O_02027.flac,open_set_eval-00000-of-00003.parquet,,,,fakemusiccaps_instrumental,FM_MusicGen_medium_YgX85tZf1ts,fmc:YgX85tZf1ts,MusicGen_medium,FakeMusicCaps,FM_MusicGen_medium_YgX85tZf1ts,unmixed_dataset/eval/FM_MusicGen_medium_YgX85tZf1ts.wav,,presence_only_semantic_pending_v9,5,0.75,music_first,0.0,EchoFake_replay+MixFake_FMC_FMA_SONICS,all_prior_truth_speaker_song_source_and_render_hash_disjoint
atbv91_0084,1,1,0,1,1,mixed,partial_overlap,FR,partial_overlap__FR,echofake_replay,echofake:EF_O_20411,73f345c3d82c6244713ebdf5e049bd7220364fa7accb345805603c73fba871afb367bdd7310ff8653a090072b1d464a29fa4de704634e1c83cf4f2fa0586c1f3,common_voice_en_26948674.mp3,common_voice_en_26948674.mp3,dd4466e053e105c409f84fffc9db5eb4da446fe57aceb08874a15b24d6476e486360a4fa3155718225a80d809046370a1ca6ce203bac8fb4e720b90127a7974e,replay:IndexTTS,EF_O_20411,echofake_voice/EF_O_20411.flac,open_set_eval-00002-of-00003.parquet,Xiaomi 13 Ultra,MacBook Pro 14-inch 2021,30cm,fma_instrumental,026325,fma:26325,FMA,FMA,RM_026_026325,unmixed_dataset/eval/RM_026_026325.wav,,presence_only_semantic_pending_v9,-5,0.25,voice_first,0.0,EchoFake_replay+MixFake_FMC_FMA_SONICS,all_prior_truth_speaker_song_source_and_render_hash_disjoint
atbv91_0085,1,1,0,1,1,mixed,partial_overlap,FR,partial_overlap__FR,echofake_replay,echofake:EF_T_03356,60b351e8234d88908ab8853f5b64dc48d7a5af9940657a52ca1014d9303f3318523171aba8e45823f2a21a82c1bb34aafe320ff9ef7bcffb8d397fb1477e4c13,common_voice_en_20513337.mp3,common_voice_en_20513337.mp3,b0c3b9ef5bdbce1ca71ec0edfbf3e4bad5ff3b93feef139bc68576a0d4fbcb4c898a54c3fbbf09dd60c85a8b4758dd722d1ccba9604dcdfbef50914312e9f63d,replay:LLaSA,EF_T_03356,echofake_voice/EF_T_03356.flac,dev-00000-of-00001.parquet,iPad Mini (7th generation),Samsung Galaxy A54,15cm,fma_instrumental,060483,fma:60483,FMA,FMA,RM_060_060483,unmixed_dataset/eval/RM_060_060483.wav,,presence_only_semantic_pending_v9,10,0.75,music_first,0.0,EchoFake_replay+MixFake_FMC_FMA_SONICS,all_prior_truth_speaker_song_source_and_render_hash_disjoint
atbv91_0086,1,1,0,1,1,mixed,partial_overlap,FR,partial_overlap__FR,echofake_replay,echofake:EF_T_03953,ef187f80e8c8ce7906e882cc0392bd9f966606b1f6eabc3cd983362dd98fb35542a2254e8e95aee65e961e987b331dda941db7cbe9c18915bf80412a2c3dc9b7,common_voice_en_19655252.mp3,common_voice_en_19655252.mp3,b0bea218928fd363c3163fff86840739548d55e9e76a1e88cc98015ff19229b838fcd28a0a65cfed336ca01e671d7512d3e15272947575ec7533cc1cb4da7c8e,replay:StyleTTS2,EF_T_03953,echofake_voice/EF_T_03953.flac,dev-00000-of-00001.parquet,iPad Mini (7th generation),iPhone 13 mini,15cm,fma_instrumental,009307,fma:9307,FMA,FMA,RM_009_009307,unmixed_dataset/eval/RM_009_009307.wav,,presence_only_semantic_pending_v9,-5,0.75,voice_first,0.0,EchoFake_replay+MixFake_FMC_FMA_SONICS,all_prior_truth_speaker_song_source_and_render_hash_disjoint
atbv91_0087,1,1,0,1,1,mixed,partial_overlap,FR,partial_overlap__FR,echofake_replay,echofake:EF_T_03494,26efa16c469bea6a49f7f77c6404435cd3d506f69d18d5fbdd6be14bff6a2a286e38e9ef7a9222383b5dc3cef636ba98f309fbedfa2609cca5604428d5041ef2,common_voice_en_23354585.mp3,common_voice_en_23354585.mp3,3449e15f4697df8d8075b7a1e36a193147d3d889812218b664bbad8ebebbc1f6b92b2662c1ce879b32d4a553bc1b98fb5a7a3eb2bb2830308698723b7aff202e,replay:F5-TTS,EF_T_03494,echofake_voice/EF_T_03494.flac,dev-00000-of-00001.parquet,MacBook Pro 14-inch 2021,iPhone 13 mini,50cm,fma_instrumental,042873,fma:42873,FMA,FMA,RM_042_042873,unmixed_dataset/eval/RM_042_042873.wav,,presence_only_semantic_pending_v9,-10,0.75,voice_first,0.0,EchoFake_replay+MixFake_FMC_FMA_SONICS,all_prior_truth_speaker_song_source_and_render_hash_disjoint
atbv91_0088,1,1,0,1,1,mixed,partial_overlap,FR,partial_overlap__FR,echofake_replay,echofake:EF_O_19895,d3b25bf5c01e0a2335dea46289c4138da22bc6d3f83451675153a16ccfdeec93d0e79428c355fe9365c71c3b7ca288e8da933e2caa4833c35a1a3a889002ed99,common_voice_en_19001344.mp3,common_voice_en_19001344.mp3,d74cceb4c75f0a57443ee3c08cd28ac86c0f2dc08bc5cc7800387b9be8d5677e0e88b0f5e9abe77f8fcbc730b38bf432851a5e862bb323df76c30898e9221bf1,replay:CosyVoice2,EF_O_19895,echofake_voice/EF_O_19895.flac,open_set_eval-00002-of-00003.parquet,Edifier MR4 Powered Studio Monitor Speakers,MacBook Pro 14-inch 2021,30cm,fma_instrumental,001064,fma:1064,FMA,FMA,RM_001_001064,unmixed_dataset/eval/RM_001_001064.wav,,presence_only_semantic_pending_v9,-10,0.5,voice_first,0.0,EchoFake_replay+MixFake_FMC_FMA_SONICS,all_prior_truth_speaker_song_source_and_render_hash_disjoint
atbv91_0089,1,1,0,1,1,mixed,partial_overlap,FR,partial_overlap__FR,echofake_replay,echofake:EF_O_24647,befad7802768602b65a025d961a9a23552a2d32cc5faa038dbb889fd42feea99d8bf17daefd88b6d5a005b71b855ea63eddc80df5c07aa92258ef6c3b035ffa5,common_voice_en_19699376.mp3,common_voice_en_19699376.mp3,94ef5294b5d199aafdf4a33f5968a32e1d2b3f6de0b96135f4d01a2c9c5e8e558cc7bab6544f792e1b4f50c80df8fd39ca382494db456d8425edabce3e225abe,replay:MaskGCT,EF_O_24647,echofake_voice/EF_O_24647.flac,open_set_eval-00002-of-00003.parquet,Edifier MR4 Powered Studio Monitor Speakers,MacBook Pro 14-inch 2021,30cm,fma_instrumental,116520,fma:116520,FMA,FMA,RM_116_116520,unmixed_dataset/eval/RM_116_116520.wav,,presence_only_semantic_pending_v9,-10,0.75,music_first,0.0,EchoFake_replay+MixFake_FMC_FMA_SONICS,all_prior_truth_speaker_song_source_and_render_hash_disjoint
atbv91_0090,1,1,1,1,1,mixed,partial_overlap,FF,partial_overlap__FF,echofake_replay,echofake:EF_T_03708,e396ac045c1bd393572305735e108dd73f4fcb0da0973826fee46a09c075fded4094e5f55e8682718fe260285a5ccbe080a5a978c005a1a79f2a35f4899a4165,common_voice_en_22448728.mp3,common_voice_en_22448728.mp3,920b6c82ac5aa138428d3463675577c9caa74b9e9bb48f6c7571d66979bc5afb85e73a5695c405a50d44522c4f6058e54992737c040467b1d7698571c17ca7a6,replay:XTTS-v2,EF_T_03708,echofake_voice/EF_T_03708.flac,dev-00000-of-00001.parquet,MacBook Pro 14-inch 2021,iPhone 13 mini,15cm,fakemusiccaps_instrumental,FM_musicldm_qmR9O2oZCWc,fmc:qmR9O2oZCWc,musicldm,FakeMusicCaps,FM_musicldm_qmR9O2oZCWc,unmixed_dataset/eval/FM_musicldm_qmR9O2oZCWc.wav,,presence_only_semantic_pending_v9,-10,0.5,music_first,0.0,EchoFake_replay+MixFake_FMC_FMA_SONICS,all_prior_truth_speaker_song_source_and_render_hash_disjoint
atbv91_0091,1,1,1,1,1,mixed,partial_overlap,FF,partial_overlap__FF,echofake_replay,echofake:EF_O_20576,3e1f58556c920400becd4343ee4aa9fd1eb8866c40db4db6cf49a4cd0baaee841acaab4d91294e4900b20b17129f6a4bb1d0458bec280a2e08d23992d74191be,common_voice_en_24886744.mp3,common_voice_en_24886744.mp3,c8ffe7c4a34c316583ede16f6bb9223296c47b02af744e119de2c69b502fbf31d46acc2b6f152a4ae4e4f2bc75d6c5e11ceb805bd6cfe877a8c2257ac3184044,replay:OpenVoice-V2,EF_O_20576,echofake_voice/EF_O_20576.flac,open_set_eval-00002-of-00003.parquet,Xiaomi 13 Ultra,MacBook Pro 14-inch 2021,30cm,fakemusiccaps_instrumental,FM_audioldm2__u2cNlW5DxQ,fmc:_u2cNlW5DxQ,audioldm2,FakeMusicCaps,FM_audioldm2__u2cNlW5DxQ,unmixed_dataset/eval/FM_audioldm2__u2cNlW5DxQ.wav,,presence_only_semantic_pending_v9,0,0.5,music_first,0.0,EchoFake_replay+MixFake_FMC_FMA_SONICS,all_prior_truth_speaker_song_source_and_render_hash_disjoint
atbv91_0092,1,1,1,1,1,mixed,partial_overlap,FF,partial_overlap__FF,echofake_replay,echofake:EF_T_03230,9512ce701610c86108d16bfea418d204afa210e7f6c75d42db9a6b51bec07e9eb09bf98ef5aa04b604915b8c111d85fc0ec4470033196a59f34be1b1d6c09030,common_voice_en_21829680.mp3,common_voice_en_21829680.mp3,c5026e13c5088b62c2756cd9d8cf03cee7baca137fcfb0ee7a868ed2bd1fbd4a3a3e55a9e53d782e57a25065cc86edcc2fd3b01573fbf4be1f7ddb94b495929e,replay:SpeechT5,EF_T_03230,echofake_voice/EF_T_03230.flac,dev-00000-of-00001.parquet,MacBook Pro 14-inch 2021,Samsung Galaxy A54,15cm,fakemusiccaps_instrumental,FM_mustango_8MF6nFj02sM,fmc:8MF6nFj02sM,mustango,FakeMusicCaps,FM_mustango_8MF6nFj02sM,unmixed_dataset/eval/FM_mustango_8MF6nFj02sM.wav,,presence_only_semantic_pending_v9,0,0.25,music_first,0.0,EchoFake_replay+MixFake_FMC_FMA_SONICS,all_prior_truth_speaker_song_source_and_render_hash_disjoint
atbv91_0093,1,1,1,1,1,mixed,partial_overlap,FF,partial_overlap__FF,echofake_replay,echofake:EF_O_19277,29eed50b25f2aafe70428c3a4d42699daf6c777bd676815529bfe0c7fb2ca3e4a6ea2869c8b066e583fc09800f5508384ac1a0e007b909ec691673084d26851e,common_voice_en_24808242.mp3,common_voice_en_24808242.mp3,13176961c767770ccdc374f0284609e80c82a5dd7cdf38e437fe6521ac43a8fb3baf420017858e61910833510b71042b41e94bde2b647ff92d7a113a30dc491a,replay:FireRedTTS,EF_O_19277,echofake_voice/EF_O_19277.flac,open_set_eval-00002-of-00003.parquet,Xiaomi 13 Ultra,MacBook Pro 14-inch 2021,30cm,fakemusiccaps_instrumental,FM_stable_audio_open_tbovKStEnME,fmc:tbovKStEnME,stable_audio_open,FakeMusicCaps,FM_stable_audio_open_tbovKStEnME,unmixed_dataset/eval/FM_stable_audio_open_tbovKStEnME.wav,,presence_only_semantic_pending_v9,-5,0.25,music_first,0.0,EchoFake_replay+MixFake_FMC_FMA_SONICS,all_prior_truth_speaker_song_source_and_render_hash_disjoint
atbv91_0094,1,1,1,1,1,mixed,partial_overlap,FF,partial_overlap__FF,echofake_replay,echofake:EF_T_03723,f6371ace938d257421ed8ca765a639c008d3e8eeaa711105a4f0e7f8bcdfe65f86b3d78a30b72d5247a9bcf6316d11fcf991dd6bf465f81717db494c63f3711e,common_voice_en_26747003.mp3,common_voice_en_26747003.mp3,7c395924767908a1b28c0a827b8386f2bb614f1c8dc29c35454e57eebd936a83fd2d1630f1ee590bda34ada61b5c5f20f8b149b741d540cc094f406fd82ad6c3,replay:OpenAudio-S1-mini,EF_T_03723,echofake_voice/EF_T_03723.flac,dev-00000-of-00001.parquet,MacBook Pro 14-inch 2021,iPhone 13 mini,15cm,fakemusiccaps_instrumental,FM_MusicGen_medium_4JYJRqwqWGM,fmc:4JYJRqwqWGM,MusicGen_medium,FakeMusicCaps,FM_MusicGen_medium_4JYJRqwqWGM,unmixed_dataset/eval/FM_MusicGen_medium_4JYJRqwqWGM.wav,,presence_only_semantic_pending_v9,-5,0.75,music_first,0.0,EchoFake_replay+MixFake_FMC_FMA_SONICS,all_prior_truth_speaker_song_source_and_render_hash_disjoint
atbv91_0095,1,1,1,1,1,mixed,partial_overlap,FF,partial_overlap__FF,echofake_replay,echofake:EF_O_21097,c190529d76b8dea00e31695d464940336a475cb16e86932a66f4a3b1f59b357ed9f8ce952e80c8d55d004ceebad1b26f017ed3e5518a597fb42ffae1127f3335,common_voice_en_26954930.mp3,common_voice_en_26954930.mp3,58ad60e1fadb1d801c2c43c9d0b858c78f8bd824ba9756bc173babbf69a32a2158c0ad01edeaa24dbddf4e7d14da0ddf2fdf38a53f8be301fa8659f504f5c673,replay:IndexTTS,EF_O_21097,echofake_voice/EF_O_21097.flac,open_set_eval-00002-of-00003.parquet,Xiaomi 13 Ultra,Wired Earbuds With Microphone,30cm,fakemusiccaps_instrumental,FM_musicldm_CLx4iYWSB1c,fmc:CLx4iYWSB1c,musicldm,FakeMusicCaps,FM_musicldm_CLx4iYWSB1c,unmixed_dataset/eval/FM_musicldm_CLx4iYWSB1c.wav,,presence_only_semantic_pending_v9,0,0.75,voice_first,0.0,EchoFake_replay+MixFake_FMC_FMA_SONICS,all_prior_truth_speaker_song_source_and_render_hash_disjoint
atbv91_0096,0,0,0,1,1,mixed,sequential,RR,sequential__RR,echofake_real,echofake:EF_O_03667,83651ea6665e3ba9f35ca05a7a2629528fcba0d57b4dfcfae85d9eff0656393892bc8890ee35568ee9cacb8e46b525800942528177f51477898238384273e410,common_voice_en_38149697.mp3,,,bonafide,EF_O_03667,echofake_voice/EF_O_03667.flac,open_set_eval-00000-of-00003.parquet,,,,fma_instrumental,048370,fma:48370,FMA,FMA,RM_048_048370,unmixed_dataset/eval/RM_048_048370.wav,,presence_only_semantic_pending_v9,,0.0,music_first,0.0,EchoFake_replay+MixFake_FMC_FMA_SONICS,all_prior_truth_speaker_song_source_and_render_hash_disjoint
atbv91_0097,0,0,0,1,1,mixed,sequential,RR,sequential__RR,echofake_real,echofake:EF_O_04428,29ca16eb2c0faea0be0ad73b5d826f5e81dc6fd4acfa9241a002b5d3619fd51c5b00b009e7b98b50caa5829f8a96697d5942b120749ee63a5d637c632bd0f7bc,common_voice_en_22106408.mp3,,,bonafide,EF_O_04428,echofake_voice/EF_O_04428.flac,open_set_eval-00000-of-00003.parquet,,,,fma_instrumental,112379,fma:112379,FMA,FMA,RM_112_112379,unmixed_dataset/eval/RM_112_112379.wav,,presence_only_semantic_pending_v9,,0.0,voice_first,0.0,EchoFake_replay+MixFake_FMC_FMA_SONICS,all_prior_truth_speaker_song_source_and_render_hash_disjoint
atbv91_0098,0,0,0,1,1,mixed,sequential,RR,sequential__RR,echofake_real,echofake:EF_O_04814,95645bd0f0bd178927be50f50d096846028162264f5bebb4a9d52a326d0f3cb3b75b719ff701e47b93c8874e700a7dff6cdcacc95c1e296a520412af10d7693f,common_voice_en_25248999.mp3,,,bonafide,EF_O_04814,echofake_voice/EF_O_04814.flac,open_set_eval-00000-of-00003.parquet,,,,fma_instrumental,064454,fma:64454,FMA,FMA,RM_064_064454,unmixed_dataset/eval/RM_064_064454.wav,,presence_only_semantic_pending_v9,,0.0,voice_first,0.2,EchoFake_replay+MixFake_FMC_FMA_SONICS,all_prior_truth_speaker_song_source_and_render_hash_disjoint
atbv91_0099,0,0,0,1,1,mixed,sequential,RR,sequential__RR,echofake_real,echofake:EF_O_03919,52f73216e3f175df56c7be2ed9813b15a64b037b08891fbab6d615b736b0c591d357c877a0f6403c19dd4df6b5600f29bf8fcd41be8dbcf535d98c7e5fd881c6,common_voice_en_19679897.mp3,,,bonafide,EF_O_03919,echofake_voice/EF_O_03919.flac,open_set_eval-00000-of-00003.parquet,,,,fma_instrumental,091157,fma:91157,FMA,FMA,RM_091_091157,unmixed_dataset/eval/RM_091_091157.wav,,presence_only_semantic_pending_v9,,0.0,music_first,0.2,EchoFake_replay+MixFake_FMC_FMA_SONICS,all_prior_truth_speaker_song_source_and_render_hash_disjoint
atbv91_0100,0,0,0,1,1,mixed,sequential,RR,sequential__RR,echofake_real,echofake:EF_O_02119,b692a561b7223bb0ddea15918a80e02c7219c8994264a22fbb80d07dea34833b9073b9b7edd5dd01b948e4b99f2d30b0253c80ccf1c63c9acc7817bc16d128a5,common_voice_en_21803552.mp3,,,bonafide,EF_O_02119,echofake_voice/EF_O_02119.flac,open_set_eval-00000-of-00003.parquet,,,,fma_instrumental,139936,fma:139936,FMA,FMA,RM_139_139936,unmixed_dataset/eval/RM_139_139936.wav,,presence_only_semantic_pending_v9,,0.0,music_first,0.5,EchoFake_replay+MixFake_FMC_FMA_SONICS,all_prior_truth_speaker_song_source_and_render_hash_disjoint
atbv91_0101,0,0,0,1,1,mixed,sequential,RR,sequential__RR,echofake_real,echofake:EF_O_00406,2f983c2180bcacfd3f4b03376364a1179bebeae27677590b95e85dccdb4c353d3f944c3a2001c771d7a984a9ce9cbdeca691626f0e990a6ee93469f98ffe440c,common_voice_en_25904950.mp3,,,bonafide,EF_O_00406,echofake_voice/EF_O_00406.flac,open_set_eval-00000-of-00003.parquet,,,,fma_instrumental,125530,fma:125530,FMA,FMA,RM_125_125530,unmixed_dataset/eval/RM_125_125530.wav,,presence_only_semantic_pending_v9,,0.0,voice_first,0.2,EchoFake_replay+MixFake_FMC_FMA_SONICS,all_prior_truth_speaker_song_source_and_render_hash_disjoint
atbv91_0102,1,0,1,1,1,mixed,sequential,RF,sequential__RF,echofake_real,echofake:EF_O_01694,4a4f7845a5f2655b9a7bce0c5b7c454b4034b2aee325ba9334874bb37b86b7d4b3ecfd4dda1e08b853054b5524265285f829e7b13b62aa01cbedb60e85d3ac94,common_voice_en_38607164.mp3,,,bonafide,EF_O_01694,echofake_voice/EF_O_01694.flac,open_set_eval-00000-of-00003.parquet,,,,fakemusiccaps_instrumental,FM_audioldm2_QtfIj5cJzYw,fmc:QtfIj5cJzYw,audioldm2,FakeMusicCaps,FM_audioldm2_QtfIj5cJzYw,unmixed_dataset/eval/FM_audioldm2_QtfIj5cJzYw.wav,,presence_only_semantic_pending_v9,,0.0,voice_first,0.0,EchoFake_replay+MixFake_FMC_FMA_SONICS,all_prior_truth_speaker_song_source_and_render_hash_disjoint
atbv91_0103,1,0,1,1,1,mixed,sequential,RF,sequential__RF,echofake_real,echofake:EF_O_03173,c49f0f5508336607f103411aae1932e29c07c775b648bbcec27c50d18caa24d1d5d9cdebafe66830b4379b3e50b076805c55158fcc9ac12c53c499883a1199b1,common_voice_en_19738751.mp3,,,bonafide,EF_O_03173,echofake_voice/EF_O_03173.flac,open_set_eval-00000-of-00003.parquet,,,,fakemusiccaps_instrumental,FM_mustango_jZkHpNnXLB0,fmc:jZkHpNnXLB0,mustango,FakeMusicCaps,FM_mustango_jZkHpNnXLB0,unmixed_dataset/eval/FM_mustango_jZkHpNnXLB0.wav,,presence_only_semantic_pending_v9,,0.0,music_first,0.2,EchoFake_replay+MixFake_FMC_FMA_SONICS,all_prior_truth_speaker_song_source_and_render_hash_disjoint
atbv91_0104,1,0,1,1,1,mixed,sequential,RF,sequential__RF,echofake_real,echofake:EF_O_01138,55059aaa3ae7bab6ff1f1cb38ff963ec9acf2292b465e39c3390523edb154c5c745a558e15ca86b3d281b520433a953d31036a3a91af9369633d7db9dd3c8077,common_voice_en_22774622.mp3,,,bonafide,EF_O_01138,echofake_voice/EF_O_01138.flac,open_set_eval-00000-of-00003.parquet,,,,fakemusiccaps_instrumental,FM_stable_audio_open_eBlyC9bJacs,fmc:eBlyC9bJacs,stable_audio_open,FakeMusicCaps,FM_stable_audio_open_eBlyC9bJacs,unmixed_dataset/eval/FM_stable_audio_open_eBlyC9bJacs.wav,,presence_only_semantic_pending_v9,,0.0,music_first,0.0,EchoFake_replay+MixFake_FMC_FMA_SONICS,all_prior_truth_speaker_song_source_and_render_hash_disjoint
atbv91_0105,1,0,1,1,1,mixed,sequential,RF,sequential__RF,echofake_real,echofake:EF_O_05881,63fffaac1db814d3d0e192dd77f64f7b8890f6cef435f99334b0bc7295975f9a6c0e8aadadeef8fb45f1e69e371ac891926d89688658bce9f4c763d732219276,common_voice_en_19137734.mp3,,,bonafide,EF_O_05881,echofake_voice/EF_O_05881.flac,open_set_eval-00000-of-00003.parquet,,,,fakemusiccaps_instrumental,FM_MusicGen_medium_TZlFTbvfKPE,fmc:TZlFTbvfKPE,MusicGen_medium,FakeMusicCaps,FM_MusicGen_medium_TZlFTbvfKPE,unmixed_dataset/eval/FM_MusicGen_medium_TZlFTbvfKPE.wav,,presence_only_semantic_pending_v9,,0.0,music_first,0.0,EchoFake_replay+MixFake_FMC_FMA_SONICS,all_prior_truth_speaker_song_source_and_render_hash_disjoint
atbv91_0106,1,0,1,1,1,mixed,sequential,RF,sequential__RF,echofake_real,echofake:EF_O_00809,b1fbe23531ac54299dae19020e93f7c4f87cb379bd48bfb74dbeb298b0f3e8cd22953ec25fefeb8161a7296b0b6c6e5b707b0d12aa4dd2331654ce76a0f0d168,common_voice_en_28355572.mp3,,,bonafide,EF_O_00809,echofake_voice/EF_O_00809.flac,open_set_eval-00000-of-00003.parquet,,,,fakemusiccaps_instrumental,FM_musicldm_rFwJ2L-geWw,fmc:rFwJ2L-geWw,musicldm,FakeMusicCaps,FM_musicldm_rFwJ2L-geWw,unmixed_dataset/eval/FM_musicldm_rFwJ2L-geWw.wav,,presence_only_semantic_pending_v9,,0.0,music_first,0.2,EchoFake_replay+MixFake_FMC_FMA_SONICS,all_prior_truth_speaker_song_source_and_render_hash_disjoint
atbv91_0107,1,0,1,1,1,mixed,sequential,RF,sequential__RF,echofake_real,echofake:EF_O_05054,391b0ae255c4fc5b9f0fb7ff54ee02e17e50dfc528c0ccf9ba605bd26e100449a9ddd3c4d43f852125f7d7a39cd366fec094bf28f9791362d8fe72f1a61c7b46,common_voice_en_31443714.mp3,,,bonafide,EF_O_05054,echofake_voice/EF_O_05054.flac,open_set_eval-00000-of-00003.parquet,,,,fakemusiccaps_instrumental,FM_audioldm2_f1_YKSYgtbI,fmc:f1_YKSYgtbI,audioldm2,FakeMusicCaps,FM_audioldm2_f1_YKSYgtbI,unmixed_dataset/eval/FM_audioldm2_f1_YKSYgtbI.wav,,presence_only_semantic_pending_v9,,0.0,music_first,0.5,EchoFake_replay+MixFake_FMC_FMA_SONICS,all_prior_truth_speaker_song_source_and_render_hash_disjoint
atbv91_0108,1,1,0,1,1,mixed,sequential,FR,sequential__FR,echofake_replay,echofake:EF_T_03250,cf0de03c3a9efce137c40dd353a5ea1de35b15f7fd1f22a54d62b934dd094dcc6044464c904f61471575d0bd47cf8d4b658ad25ec2e7fe102de9efd7697f13af,common_voice_en_20661293.mp3,common_voice_en_20661293.mp3,1dad25d71a365e0b928d74635740a51a06e7e9f4f1f039814b27a854cb70cf35445416af609b2672f174176c1b3c82885005c41fa2a7e291aac1aea69190bca5,replay:LLaSA,EF_T_03250,echofake_voice/EF_T_03250.flac,dev-00000-of-00001.parquet,iPad Mini (7th generation),Samsung Galaxy A54,50cm,fma_instrumental,071203,fma:71203,FMA,FMA,RM_071_071203,unmixed_dataset/eval/RM_071_071203.wav,,presence_only_semantic_pending_v9,,0.0,voice_first,0.2,EchoFake_replay+MixFake_FMC_FMA_SONICS,all_prior_truth_speaker_song_source_and_render_hash_disjoint
atbv91_0109,1,1,0,1,1,mixed,sequential,FR,sequential__FR,echofake_replay,echofake:EF_T_03567,03588646a33075325e3a3b2716265ef17e5f7b781e4e37d7fbadf3716c813b594712d1ccecc749fb98ab7e15040c1d507a5d4e4bbd390b0eb3ba0c4fcb10c1ee,common_voice_en_20095407.mp3,common_voice_en_20095407.mp3,bcd65823325b184a3f6b1ef37060ab294cf1be166070d98a0227e2a48f54f77410d0bbc3e8484c177525ae7176ae786fe7c6a443783ea6eea19cdba14de163ad,replay:StyleTTS2,EF_T_03567,echofake_voice/EF_T_03567.flac,dev-00000-of-00001.parquet,MacBook Pro 14-inch 2021,iPhone 13 mini,50cm,fma_instrumental,109485,fma:109485,FMA,FMA,RM_109_109485,unmixed_dataset/eval/RM_109_109485.wav,,presence_only_semantic_pending_v9,,0.0,voice_first,0.5,EchoFake_replay+MixFake_FMC_FMA_SONICS,all_prior_truth_speaker_song_source_and_render_hash_disjoint
atbv91_0110,1,1,0,1,1,mixed,sequential,FR,sequential__FR,echofake_replay,echofake:EF_T_03140,82557ed50b74bac49d5fb53a88f1e68cce75de29a91d98c3cf2d1af73ac1a4a05b8bf92c984a37192e63b7209242b64dac903c3c69101cbe7d196047a60cf886,common_voice_en_24839879.mp3,common_voice_en_24839879.mp3,f60d2e79601479312c487448333161e822ce8f9698cbdea2169bff3077a780a4d6844f42bc0162fa3b8dc5c9fffc9c0c17583533da61be559cbfd71e374abdf4,replay:F5-TTS,EF_T_03140,echofake_voice/EF_T_03140.flac,dev-00000-of-00001.parquet,MacBook Pro 14-inch 2021,Samsung Galaxy A54,15cm,fma_instrumental,097814,fma:97814,FMA,FMA,RM_097_097814,unmixed_dataset/eval/RM_097_097814.wav,,presence_only_semantic_pending_v9,,0.0,music_first,0.0,EchoFake_replay+MixFake_FMC_FMA_SONICS,all_prior_truth_speaker_song_source_and_render_hash_disjoint
atbv91_0111,1,1,0,1,1,mixed,sequential,FR,sequential__FR,echofake_replay,echofake:EF_O_19881,62882ec0bfb3931c782b026e69a99bcdb8418cb112c19bac808eedb09ab1a2661555e566db5b341e5319b7e2de5312ad8346291680bcb24b482500128607e605,common_voice_en_30608694.mp3,common_voice_en_30608694.mp3,5c59a10ca0c51b18c7761ec3b644f6e2962776de2a7d7bce2da958b36b3b01c6b1d31cd2087068ad1c5b2076db8b15ddbc98c1da4830d615aa9427e7b785fe85,replay:CosyVoice2,EF_O_19881,echofake_voice/EF_O_19881.flac,open_set_eval-00002-of-00003.parquet,Edifier MR4 Powered Studio Monitor Speakers,MacBook Pro 14-inch 2021,30cm,fma_instrumental,007012,fma:7012,FMA,FMA,RM_007_007012,unmixed_dataset/eval/RM_007_007012.wav,,presence_only_semantic_pending_v9,,0.0,voice_first,0.5,EchoFake_replay+MixFake_FMC_FMA_SONICS,all_prior_truth_speaker_song_source_and_render_hash_disjoint
atbv91_0112,1,1,0,1,1,mixed,sequential,FR,sequential__FR,echofake_replay,echofake:EF_O_20300,f6f0300a8467ca8358e904c9fcba6a7a21f3f96a360d94bf486043610523b16265b5e39a67d65ab6963c87be0bd20dc637f65826fae335900b23a912365089ab,common_voice_en_22404856.mp3,common_voice_en_22404856.mp3,a4dbaf5b3ff93360b30220fed695817c1622b3de1c44e64c2efe5301edf9ffa63c0a9fc0b4b25c735d14d5b13b9737f38ee0d0546f709b5e25910bab4dc32eac,replay:MaskGCT,EF_O_20300,echofake_voice/EF_O_20300.flac,open_set_eval-00002-of-00003.parquet,Xiaomi 13 Ultra,Wired Earbuds With Microphone,30cm,fma_instrumental,047915,fma:47915,FMA,FMA,RM_047_047915,unmixed_dataset/eval/RM_047_047915.wav,,presence_only_semantic_pending_v9,,0.0,music_first,0.2,EchoFake_replay+MixFake_FMC_FMA_SONICS,all_prior_truth_speaker_song_source_and_render_hash_disjoint
atbv91_0113,1,1,0,1,1,mixed,sequential,FR,sequential__FR,echofake_replay,echofake:EF_T_03840,025f07759891360d312521dd83679fa6a233b9d7aa9d4a3e522b56a561ea1d7340b3ad5063f8855cea461e9c9fdb354079a899fde221db21d5a48dd929141a70,common_voice_en_27667976.mp3,common_voice_en_27667976.mp3,4d3bd7e4335a821e1c4f11902b4f33964a69e476f1e965260d83fd1627d80349d45355a41cbb9a41080444008ad8201026c4654a370334b021f7fa58d931e54e,replay:XTTS-v2,EF_T_03840,echofake_voice/EF_T_03840.flac,dev-00000-of-00001.parquet,iPad Mini (7th generation),iPhone 13 mini,50cm,fma_instrumental,011425,fma:11425,FMA,FMA,RM_011_011425,unmixed_dataset/eval/RM_011_011425.wav,,presence_only_semantic_pending_v9,,0.0,music_first,0.2,EchoFake_replay+MixFake_FMC_FMA_SONICS,all_prior_truth_speaker_song_source_and_render_hash_disjoint
atbv91_0114,1,1,1,1,1,mixed,sequential,FF,sequential__FF,echofake_replay,echofake:EF_O_22291,5f9b65a91de9b64f1bea6e4de3d221facbf21722380432ce57fbf868ddbd64054cc173993e6932994a65e81695d03f7eecd8f9a1d1cd7a7814ff8a1b0afa9991,common_voice_en_23707742.mp3,common_voice_en_23707742.mp3,b19ff13a77014659e86e719f8ae5eb56642f40c973ef14c47d3d64232a41fcc6a65cc1a4e37d09dde1d8941f77500cebafc6f3c2f3f194af46f151be76cccdb9,replay:OpenVoice-V2,EF_O_22291,echofake_voice/EF_O_22291.flac,open_set_eval-00002-of-00003.parquet,Edifier MR4 Powered Studio Monitor Speakers,MacBook Pro 14-inch 2021,30cm,fakemusiccaps_instrumental,FM_mustango_C1M5xqDQW58,fmc:C1M5xqDQW58,mustango,FakeMusicCaps,FM_mustango_C1M5xqDQW58,unmixed_dataset/eval/FM_mustango_C1M5xqDQW58.wav,,presence_only_semantic_pending_v9,,0.0,music_first,0.2,EchoFake_replay+MixFake_FMC_FMA_SONICS,all_prior_truth_speaker_song_source_and_render_hash_disjoint
atbv91_0115,1,1,1,1,1,mixed,sequential,FF,sequential__FF,echofake_replay,echofake:EF_T_03635,e177be7ab0115b199f75bbc94d77db217782adf54ae5b38b2facfd3ea95bb10657546aaf9a6f5255655dbffea0bd7d69357dceb42c934638328e3adfaf47b3fa,common_voice_en_22984894.mp3,common_voice_en_22984894.mp3,d37494a8cd26f9cf2fed30ec06b0cffaa73ceff4501537238e8445e7c684a517f79e34958bb1f399033745d59c04bd769b480144a3152522ffea9dc9b8a37567,replay:SpeechT5,EF_T_03635,echofake_voice/EF_T_03635.flac,dev-00000-of-00001.parquet,MacBook Pro 14-inch 2021,iPhone 13 mini,15cm,fakemusiccaps_instrumental,FM_stable_audio_open_k-89m72W0j8,fmc:k-89m72W0j8,stable_audio_open,FakeMusicCaps,FM_stable_audio_open_k-89m72W0j8,unmixed_dataset/eval/FM_stable_audio_open_k-89m72W0j8.wav,,presence_only_semantic_pending_v9,,0.0,voice_first,0.2,EchoFake_replay+MixFake_FMC_FMA_SONICS,all_prior_truth_speaker_song_source_and_render_hash_disjoint
atbv91_0116,1,1,1,1,1,mixed,sequential,FF,sequential__FF,echofake_replay,echofake:EF_O_20014,7b3b60d6bdeecdc8e8612ddac583c22197eabf7cdb07e165f4aaf7fdfc273e376d57a4a38e6a1ed6be085ec7e6de96eb0c2ceb25d4e21f5300566f68dada63cd,common_voice_en_27138276.mp3,common_voice_en_27138276.mp3,580f5061b37f81245c1b564a9292e42f123a4f0b5170cba4cd234dda5f852167d15d9cd3c1a697f0a331f9fc3dc577ef42ecb91fc6b1bbeeb1166a628eddb79a,replay:FireRedTTS,EF_O_20014,echofake_voice/EF_O_20014.flac,open_set_eval-00002-of-00003.parquet,Edifier MR4 Powered Studio Monitor Speakers,Xiaomi 13 Ultra,30cm,fakemusiccaps_instrumental,FM_MusicGen_medium_XoTJkok3FlY,fmc:XoTJkok3FlY,MusicGen_medium,FakeMusicCaps,FM_MusicGen_medium_XoTJkok3FlY,unmixed_dataset/eval/FM_MusicGen_medium_XoTJkok3FlY.wav,,presence_only_semantic_pending_v9,,0.0,music_first,0.0,EchoFake_replay+MixFake_FMC_FMA_SONICS,all_prior_truth_speaker_song_source_and_render_hash_disjoint
atbv91_0117,1,1,1,1,1,mixed,sequential,FF,sequential__FF,echofake_replay,echofake:EF_T_03369,53e6ead947dc8d41680206b52126464fb81964169314fb70611a80bb3a35c6f6af56595459a0b920e1e864393f7e451e006d1b94ce999d22f322ca81ec809ce1,common_voice_en_32679706.mp3,common_voice_en_32679706.mp3,be442b02776e951187fbd2bf2383f931798df29bbfc8726f3b0b774e7cbbcaf5766a20d478cb7e302cbda5830016ac689e651b290c1ebeda96dede9d30f36017,replay:OpenAudio-S1-mini,EF_T_03369,echofake_voice/EF_T_03369.flac,dev-00000-of-00001.parquet,iPad Mini (7th generation),Samsung Galaxy A54,15cm,fakemusiccaps_instrumental,FM_musicldm_ui6ERk-AySw,fmc:ui6ERk-AySw,musicldm,FakeMusicCaps,FM_musicldm_ui6ERk-AySw,unmixed_dataset/eval/FM_musicldm_ui6ERk-AySw.wav,,presence_only_semantic_pending_v9,,0.0,voice_first,0.5,EchoFake_replay+MixFake_FMC_FMA_SONICS,all_prior_truth_speaker_song_source_and_render_hash_disjoint
atbv91_0118,1,1,1,1,1,mixed,sequential,FF,sequential__FF,echofake_replay,echofake:EF_O_21550,6e00052aeb95702e73122fd0db5ad81664091772b3e0ab05c73e58c884c6e0dde719c9f60952b7078c056abf549a3eb8f744d59c6e204546321f8060b74fb772,common_voice_en_26465305.mp3,common_voice_en_26465305.mp3,e536a8d0e11f8698a8fd65186c8e3c1443e2b6bd0a5e78cd74bc29c061385e65adfe1f5814e3c1c9455d533dd7cdc5e206eb8c193f5d165b20168dd59a66defe,replay:IndexTTS,EF_O_21550,echofake_voice/EF_O_21550.flac,open_set_eval-00002-of-00003.parquet,Edifier MR4 Powered Studio Monitor Speakers,Xiaomi 13 Ultra,30cm,fakemusiccaps_instrumental,FM_audioldm2_Pzp_oTEn0Yk,fmc:Pzp_oTEn0Yk,audioldm2,FakeMusicCaps,FM_audioldm2_Pzp_oTEn0Yk,unmixed_dataset/eval/FM_audioldm2_Pzp_oTEn0Yk.wav,,presence_only_semantic_pending_v9,,0.0,voice_first,0.0,EchoFake_replay+MixFake_FMC_FMA_SONICS,all_prior_truth_speaker_song_source_and_render_hash_disjoint
atbv91_0119,1,1,1,1,1,mixed,sequential,FF,sequential__FF,echofake_replay,echofake:EF_T_03863,d35d3a8aca978d609e959a51cfb76333f24acbc7f40a490648af25dd95c186e6c59adf43d704ca27dce17ee8c9a7866ad5747f500f8c7119d5caba04737312cd,common_voice_en_31819080.mp3,common_voice_en_31819080.mp3,a69b78a5b405ec7ecbc99ce1b2a7c8d6a27d871eaabfa4217f9b59125c9a0f77503f07218d5ec5f14a6da2006ddf8e3af363ce4d017b468d0a7428dc2ff30d66,replay:LLaSA,EF_T_03863,echofake_voice/EF_T_03863.flac,dev-00000-of-00001.parquet,iPad Mini (7th generation),iPhone 13 mini,15cm,fakemusiccaps_instrumental,FM_mustango_gIFg6jvXgb4,fmc:gIFg6jvXgb4,mustango,FakeMusicCaps,FM_mustango_gIFg6jvXgb4,unmixed_dataset/eval/FM_mustango_gIFg6jvXgb4.wav,,presence_only_semantic_pending_v9,,0.0,music_first,0.0,EchoFake_replay+MixFake_FMC_FMA_SONICS,all_prior_truth_speaker_song_source_and_render_hash_disjoint
